term,estimate,std_error,t_statistic,p_value,conf_low,conf_high,model,sale_year,sale_halfyear
treated_post,0.0743857527888558,0.0884764361480417,0.840740834818336,0.403130529689191,-0.101830341686174,0.250601847263885,did_log,,
treated_post,62879.6827881421,31653.5996431497,1.98649390581239,0.0505837096740092,-163.924617777295,125923.290194061,did_dollars,,
sale_year::2008:treated,-0.070914365940535,0.103393005423715,-0.685871985729795,0.494880848714527,-0.276839382871791,0.135010650990721,event_log,2008,
sale_year::2009:treated,0.00230820489847229,0.105352737845284,0.0219093015111009,0.9825777262363,-0.207519957419054,0.212136367215999,event_log,2009,
sale_year::2010:treated,-0.190860408164717,0.0907606238324954,-2.10289881344317,0.0387850282432299,-0.37162585668616,-0.0100949596432728,event_log,2010,
sale_year::2011:treated,-0.0765055070601395,0.103835228858811,-0.736797211321865,0.463514115736319,-0.283311288294418,0.130300274174139,event_log,2011,
sale_year::2013:treated,-0.00719820955751692,0.0769282975576837,-0.0935703737902094,0.925696684683715,-0.16041419270975,0.146017773594716,event_log,2013,
sale_year::2014:treated,0.0930494780681397,0.0835860281362193,1.11321808372684,0.269123354508198,-0.0734265247197566,0.259525480856036,event_log,2014,
sale_year::2015:treated,-0.0108096147947709,0.111764888556258,-0.0967174479785734,0.923205379900043,-0.233408682052258,0.211789452462716,event_log,2015,
sale_year::2016:treated,-0.0139172735310063,0.0997001937451876,-0.13959123857448,0.889352228618643,-0.212487418589563,0.18465287152755,event_log,2016,
sale_year::2017:treated,0.00529312386235343,0.100257304294694,0.0527953938078659,0.958033459785644,-0.1943866030182,0.204972850742906,event_log,2017,
sale_year::2018:treated,-0.0226267098853263,0.0956592995970063,-0.236534346170714,0.813654411977652,-0.213148716750477,0.167895296979824,event_log,2018,
sale_year::2008:treated,8069.61109180572,17426.622592038,0.463062251402209,0.644643017271339,-26638.5158033713,42777.7379869827,event_dollars,2008,
sale_year::2009:treated,24598.8588562549,18075.1739122983,1.36091962243958,0.177561079452395,-11400.9699394335,60598.6876519432,event_dollars,2009,
sale_year::2010:treated,-31917.293990765,15273.1807750467,-2.08976076829467,0.0399849168887477,-62336.4698025771,-1498.11817895296,event_dollars,2010,
sale_year::2011:treated,1704.96034189463,17838.279554401,0.0955787432692177,0.924106720425382,-33823.0524497903,37232.9731335796,event_dollars,2011,
sale_year::2013:treated,19664.225685705,14715.0979038437,1.33632992550927,0.185428731935911,-9643.43175762001,48971.8831290301,event_dollars,2013,
sale_year::2014:treated,45809.2140702412,27018.1429265161,1.69549825074333,0.094074354349453,-8002.0811599656,99620.5093004479,event_dollars,2014,
sale_year::2015:treated,60385.5958975563,37553.5359096968,1.60798695608218,0.111984763472156,-14408.7529690941,135179.944764207,event_dollars,2015,
sale_year::2016:treated,75987.2823115932,35554.0081671407,2.13723532813443,0.0357953575487886,5175.33808201632,146799.22654117,event_dollars,2016,
sale_year::2017:treated,80863.369788268,42053.608716432,1.9228639885231,0.0582437328261836,-2893.65082896363,164620.3904055,event_dollars,2017,
sale_year::2018:treated,52256.7882171973,36700.6218786316,1.42386655980952,0.158577913935581,-20838.835135399,125352.411569794,event_dollars,2018,
treated_post,0.0551801353319059,0.085068263984088,0.648657122499025,0.518515266268246,-0.114247995995224,0.224608266659036,did_hedonic_log,,
treated_post,56982.5980971902,30071.2202581834,1.8949213769163,0.0619061817962061,-2909.4276296254,116874.623824006,did_hedonic_dollars,,
sale_year::2008:treated,-0.0617257482684692,0.113225751607065,-0.545156445352468,0.58724226409044,-0.287234376450691,0.163782879913753,event_hedonic_log,2008,
sale_year::2009:treated,-0.0159375814290052,0.10375566849102,-0.153606850216426,0.878326874965087,-0.222584904457941,0.190709741599931,event_hedonic_log,2009,
sale_year::2010:treated,-0.119748099260545,0.0900216798969458,-1.33021400397803,0.187425807521815,-0.299041813385492,0.0595456148644015,event_hedonic_log,2010,
sale_year::2011:treated,-0.056149687816233,0.0958029705625281,-0.58609547790155,0.559548006441563,-0.246957840208214,0.134658464575748,event_hedonic_log,2011,
sale_year::2013:treated,-0.00238922786427209,0.0776689426103555,-0.0307616890866947,0.975540234441228,-0.15708033348138,0.152301877752836,event_hedonic_log,2013,
sale_year::2014:treated,0.0461972094946288,0.0793598971723819,0.58212284970936,0.562206865588235,-0.111861724007821,0.204256142997079,event_hedonic_log,2014,
sale_year::2015:treated,-0.049325519030778,0.10176783615111,-0.484686723195498,0.629292615358784,-0.25201373083575,0.153362692774194,event_hedonic_log,2015,
sale_year::2016:treated,-0.00984268961163748,0.0947008447562896,-0.103934549232031,0.91749507772623,-0.198455768222951,0.178770388999676,event_hedonic_log,2016,
sale_year::2017:treated,0.0136722678415196,0.0982447870260548,0.139165326277248,0.88968762498352,-0.181999183518647,0.209343719201686,event_hedonic_log,2017,
sale_year::2018:treated,0.00542878084060017,0.0986045760457952,0.0550560740515619,0.956238268254963,-0.190959252455434,0.201816814136635,event_hedonic_log,2018,
sale_year::2008:treated,12302.9608524563,17523.0309738717,0.702102328689659,0.484760092328749,-22597.179976159,47203.1016810717,event_hedonic_dollars,2008,
sale_year::2009:treated,16727.1556849462,17739.9862819966,0.942906912048843,0.348716295874276,-18605.0890883784,52059.4004582709,event_hedonic_dollars,2009,
sale_year::2010:treated,-17663.8867181328,15227.3813832347,-1.16000816381868,0.249676687671557,-47991.8451357344,12664.0716994688,event_hedonic_dollars,2010,
sale_year::2011:treated,11773.5065652087,16429.7909390205,0.716595032091783,0.47582038988053,-20949.2580302265,44496.2711606438,event_hedonic_dollars,2011,
sale_year::2013:treated,19834.4687239427,17645.7018259623,1.12403966243836,0.264534056730855,-15309.9922807834,54978.9297286687,event_hedonic_dollars,2013,
sale_year::2014:treated,32966.4442452935,26725.7063826242,1.23351067969252,0.221186643241139,-20262.4131303847,86195.3016209716,event_hedonic_dollars,2014,
sale_year::2015:treated,47529.1982589089,34772.8101912102,1.36684950101971,0.17570225705031,-21726.8553592974,116785.251877115,event_hedonic_dollars,2015,
sale_year::2016:treated,77474.3487384486,34638.306055506,2.23666678775516,0.0282406652181284,8486.18332320845,146462.514153689,event_hedonic_dollars,2016,
sale_year::2017:treated,82478.081377547,40074.4250815173,2.0581226358151,0.0430069296295367,2662.94659543195,162293.216159662,event_hedonic_dollars,2017,
sale_year::2018:treated,57561.1379216214,33866.1696990662,1.69966484055056,0.0932836530678271,-9889.18466158676,125011.46050483,event_hedonic_dollars,2018,
sale_halfyear::2008:treated,-0.14933921545915,0.153956307561344,-0.970010373882509,0.335118322696462,-0.455969776311108,0.157291345392809,event_semiannual_log,2008,2008
sale_halfyear::2008.5:treated,-0.0108830674523752,0.130205652266941,-0.0835836790714989,0.933607211767249,-0.27021009869336,0.248443963788609,event_semiannual_log,2008,2008.5
sale_halfyear::2009:treated,0.011124177351445,0.122652570032085,0.0906966511059242,0.927972247280183,-0.233159586883983,0.255407941586873,event_semiannual_log,2009,2009
sale_halfyear::2009.5:treated,0.0292518284075038,0.136852470506659,0.213747170944061,0.831316621582676,-0.243313488662812,0.30181714547782,event_semiannual_log,2009,2009.5
sale_halfyear::2010:treated,-0.144980594931336,0.120255990903503,-1.20559976964202,0.231712015522692,-0.38449115815952,0.0945299682968489,event_semiannual_log,2010,2010
sale_halfyear::2010.5:treated,-0.213747949539253,0.140003124724624,-1.52673699218985,0.130977630389511,-0.492588338317953,0.0650924392394462,event_semiannual_log,2010,2010.5
sale_halfyear::2011:treated,-0.096157303860353,0.127885339223833,-0.75190248111281,0.454432033087724,-0.350863031167577,0.158548423446871,event_semiannual_log,2011,2011
sale_halfyear::2011.5:treated,-0.0301048685523861,0.179073558481467,-0.168114538001443,0.866939751026317,-0.386760770091525,0.326551032986753,event_semiannual_log,2011,2011.5
sale_halfyear::2012:treated,0.0269835050731876,0.129722976403035,0.208008679891469,0.835778605591889,-0.231382193870319,0.285349204016695,event_semiannual_log,2012,2012
sale_halfyear::2013:treated,-0.0796540342783765,0.105643188257493,-0.753991199926954,0.453184283406796,-0.290060678726361,0.130752610169608,event_semiannual_log,2013,2013
sale_halfyear::2013.5:treated,0.0885461559671528,0.114997425491248,0.76998381128012,0.443696288714298,-0.140491066563419,0.317583378497725,event_semiannual_log,2013,2013.5
sale_halfyear::2014:treated,0.0950761777088118,0.102120957452567,0.931015337894501,0.354793677983209,-0.108315336120154,0.298467691537778,event_semiannual_log,2014,2014
sale_halfyear::2014.5:treated,0.121741841778104,0.110877244759588,1.09798761722546,0.275676372648343,-0.0990893296424349,0.342573013198644,event_semiannual_log,2014,2014.5
sale_halfyear::2015:treated,0.0775670155337597,0.119177948495499,0.650850400707216,0.517106039969977,-0.159796440158369,0.314930471225888,event_semiannual_log,2015,2015
sale_halfyear::2015.5:treated,-0.0593158297699497,0.112327273884984,-0.528062577488397,0.598994420975881,-0.283034984482726,0.164403324942827,event_semiannual_log,2015,2015.5
sale_halfyear::2016:treated,0.0139130448778191,0.116048242187603,0.119890182010058,0.904886510532533,-0.217217060484641,0.245043150240279,event_semiannual_log,2016,2016
sale_halfyear::2016.5:treated,-0.0097063478300569,0.109920923930463,-0.0883030044052143,0.929868120346475,-0.228632841249195,0.209220145589081,event_semiannual_log,2016,2016.5
sale_halfyear::2017:treated,0.00416361871629349,0.118712132934519,0.0350732365207364,0.97211329883233,-0.232272084881884,0.240599322314471,event_semiannual_log,2017,2017
sale_halfyear::2017.5:treated,0.0288663857547132,0.0976357345802446,0.295653900478298,0.768300688784275,-0.165592032531296,0.223324804040723,event_semiannual_log,2017,2017.5
sale_halfyear::2018:treated,0.0055105236329399,0.112072111808658,0.049169445850615,0.960913250991457,-0.217700431761399,0.228721479027279,event_semiannual_log,2018,2018
sale_halfyear::2018.5:treated,-0.0220134756026943,0.114554411113048,-0.192166110312158,0.848124631006488,-0.250168358530526,0.206141407325137,event_semiannual_log,2018,2018.5
sale_halfyear::2008:treated,-17664.0189263892,27076.2242631585,-0.65238117230488,0.51612368764084,-71590.9931639183,36262.9553111399,event_semiannual_dollars,2008,2008
sale_halfyear::2008.5:treated,13101.5116823612,24500.049381263,0.534754501041164,0.594380726060476,-35694.565605242,61897.5889699644,event_semiannual_dollars,2008,2008.5
sale_halfyear::2009:treated,17558.1114817019,21494.2915042852,0.816873237166314,0.41655417205511,-25251.480171101,60367.7031345047,event_semiannual_dollars,2009,2009
sale_halfyear::2009.5:treated,17378.7751836239,26895.3672317401,0.646162405364544,0.52012063042639,-36187.9910581674,70945.5414254152,event_semiannual_dollars,2009,2009.5
sale_halfyear::2010:treated,-28169.6730449033,21532.9971677088,-1.30820957368382,0.194745084557579,-71056.353707385,14717.0076175784,event_semiannual_dollars,2010,2010
sale_halfyear::2010.5:treated,-53907.5283404081,23611.6670756508,-2.28308861749111,0.0252210721322268,-100934.238923031,-6880.81775778557,event_semiannual_dollars,2010,2010.5
sale_halfyear::2011:treated,5732.25569176472,22369.9645639908,0.256247866435693,0.798451800707417,-38821.3900090576,50285.901392587,event_semiannual_dollars,2011,2011
sale_halfyear::2011.5:treated,-20001.2509516894,29987.3262468729,-0.666990140669015,0.506798462706374,-79726.1872740647,39723.6853706859,event_semiannual_dollars,2011,2011.5
sale_halfyear::2012:treated,-15022.6883771765,23039.720692548,-0.652034309688286,0.516346195597804,-60910.2690143878,30864.8922600348,event_semiannual_dollars,2012,2012
sale_halfyear::2013:treated,6812.20025532979,22754.8587723764,0.2993734359538,0.76547230882416,-38508.0286979449,52132.4292086045,event_semiannual_dollars,2013,2013
sale_halfyear::2013.5:treated,18157.4664240259,21427.3070419983,0.84739843361728,0.399433813677607,-24518.7141099684,60833.6469580201,event_semiannual_dollars,2013,2013.5
sale_halfyear::2014:treated,24113.8706790181,23419.8620808752,1.02963333412239,0.306447878398244,-22530.8271491167,70758.5685071529,event_semiannual_dollars,2014,2014
sale_halfyear::2014.5:treated,53248.7935369701,38534.08965411,1.38186198285576,0.171062540313426,-23498.4973647125,129996.084438653,event_semiannual_dollars,2014,2014.5
sale_halfyear::2015:treated,75536.1864100061,42364.5893708203,1.78300291663003,0.078578794851103,-8840.20585870011,159912.578678712,event_semiannual_dollars,2015,2015
sale_halfyear::2015.5:treated,30912.6706940312,35234.5498822177,0.877339736064921,0.383067129977826,-39263.0172195405,101088.358607603,event_semiannual_dollars,2015,2015.5
sale_halfyear::2016:treated,74822.1003435681,38741.8880200542,1.93129721258906,0.0571751082083572,-2339.0568718946,151983.257559031,event_semiannual_dollars,2016,2016
sale_halfyear::2016.5:treated,63173.6954679857,36959.2959416715,1.70927756761615,0.0914801649309007,-10437.1219307926,136784.512866764,event_semiannual_dollars,2016,2016.5
sale_halfyear::2017:treated,67001.3401138611,44507.5427336121,1.50539292889926,0.136368081600115,-21643.1136712636,155645.793898986,event_semiannual_dollars,2017,2017
sale_halfyear::2017.5:treated,78912.9229663238,45466.4077795682,1.73563135554742,0.0866819825423414,-11641.2760671771,169467.121999825,event_semiannual_dollars,2017,2017.5
sale_halfyear::2018:treated,52304.2175704489,39298.169158564,1.33095812579479,0.187181962272852,-25964.8695518457,130573.304692744,event_semiannual_dollars,2018,2018
sale_halfyear::2018.5:treated,37386.0430585365,40610.9002176387,0.92059134021113,0.360176779326531,-43497.5745579471,118269.66067502,event_semiannual_dollars,2018,2018.5
sale_halfyear::2008:treated,-0.0992599651826711,0.156410237801268,-0.634612967654898,0.527586673050977,-0.410777951679466,0.212258021314123,event_semiannual_hedonic_log,2008,2008
sale_halfyear::2008.5:treated,-0.0711965932458814,0.139901306534762,-0.508905849483193,0.612292516980704,-0.349834193524668,0.207441007032905,event_semiannual_hedonic_log,2008,2008.5
sale_halfyear::2009:treated,-0.0288733701300341,0.123740614045355,-0.233337860433204,0.816126394325445,-0.27532416182478,0.217577421564712,event_semiannual_hedonic_log,2009,2009
sale_halfyear::2009.5:treated,0.000930580568352046,0.132702968443894,0.00701250755174696,0.994423249201452,-0.263370286899892,0.265231448036596,event_semiannual_hedonic_log,2009,2009.5
sale_halfyear::2010:treated,-0.0895835453253231,0.115859184520321,-0.773210563290392,0.44179606356609,-0.320337109710214,0.141170019059568,event_semiannual_hedonic_log,2010,2010
sale_halfyear::2010.5:treated,-0.158706312016542,0.133147525781526,-1.19195840166759,0.236986267724571,-0.423892592157563,0.10647996812448,event_semiannual_hedonic_log,2010,2010.5
sale_halfyear::2011:treated,-0.0909473581629163,0.128798559419916,-0.706120926915068,0.482271992151144,-0.347471921121253,0.16557720479542,event_semiannual_hedonic_log,2011,2011
sale_halfyear::2011.5:treated,-0.0218983114896197,0.162997145405449,-0.134347822074728,0.893482688870268,-0.34653526144392,0.302738638464681,event_semiannual_hedonic_log,2011,2011.5
sale_halfyear::2012:treated,-0.00569604478010977,0.124977574908741,-0.0455765347044784,0.96376731702284,-0.254610457545663,0.243218367985443,event_semiannual_hedonic_log,2012,2012
sale_halfyear::2013:treated,-0.0998890499149845,0.110612795480126,-0.903051491298141,0.369351949091736,-0.32019352494898,0.120415425119011,event_semiannual_hedonic_log,2013,2013
sale_halfyear::2013.5:treated,0.0862679750208624,0.111576518115553,0.773173213126436,0.441818031757469,-0.135955919989407,0.308491870031132,event_semiannual_hedonic_log,2013,2013.5
sale_halfyear::2014:treated,0.0640354758100815,0.102071338405826,0.627360009285688,0.532303623639607,-0.139257213122573,0.267328164742736,event_semiannual_hedonic_log,2014,2014
sale_halfyear::2014.5:treated,0.0293651334623793,0.108880430823235,0.269700746409178,0.78812142547296,-0.187489038334568,0.246219305259327,event_semiannual_hedonic_log,2014,2014.5
sale_halfyear::2015:treated,0.0139916872984645,0.11409506165059,0.122631839591036,0.902722347891043,-0.213248321886735,0.241231696483664,event_semiannual_hedonic_log,2015,2015
sale_halfyear::2015.5:treated,-0.099821131403782,0.0999344274562406,-0.998866296076913,0.32102920267553,-0.298857793328898,0.099215530521334,event_semiannual_hedonic_log,2015,2015.5
sale_halfyear::2016:treated,0.00425090474591117,0.112563173756721,0.0377646134525177,0.969974381017076,-0.219938085280024,0.228439894771846,event_semiannual_hedonic_log,2016,2016
sale_halfyear::2016.5:treated,-0.0234762694193222,0.101603362827686,-0.231057996172202,0.81789065549677,-0.225836904211012,0.178884365372368,event_semiannual_hedonic_log,2016,2016.5
sale_halfyear::2017:treated,-0.0517539740585772,0.112895259998132,-0.45842468549551,0.647955570406189,-0.276604371155569,0.173096423038414,event_semiannual_hedonic_log,2017,2017
sale_halfyear::2017.5:treated,0.0695763960791856,0.0990159752862771,0.702678490799337,0.484402928661538,-0.127631009815745,0.266783801974117,event_semiannual_hedonic_log,2017,2017.5
sale_halfyear::2018:treated,0.0259494088682264,0.115368914008006,0.224925484402373,0.82264091425935,-0.203827697165969,0.255726514902422,event_semiannual_hedonic_log,2018,2018
sale_halfyear::2018.5:treated,-0.0180044688373148,0.118854235412247,-0.151483611626175,0.879995625779174,-0.254723194048146,0.218714256373516,event_semiannual_hedonic_log,2018,2018.5
sale_halfyear::2008:treated,-2664.13077374658,24897.2246274806,-0.107005130636369,0.915066875675397,-52251.2511204703,46922.9895729772,event_semiannual_hedonic_dollars,2008,2008
sale_halfyear::2008.5:treated,3542.98792237323,23077.0576053886,0.153528581631045,0.87838838010593,-42418.9556214713,49504.9314662177,event_semiannual_hedonic_dollars,2008,2008.5
sale_halfyear::2009:treated,8242.03962382325,21110.8681583175,0.390416896264684,0.697320463541821,-33803.8982529174,50287.9775005639,event_semiannual_hedonic_dollars,2009,2009
sale_halfyear::2009.5:treated,7100.54991156564,25084.376144523,0.283066633615123,0.77789534902898,-42859.3149855049,57060.4148086362,event_semiannual_hedonic_dollars,2009,2009.5
sale_halfyear::2010:treated,-16894.8474696727,20459.4857939742,-0.82577087419512,0.411518793460428,-57643.4449329453,23853.7499935999,event_semiannual_hedonic_dollars,2010,2010
sale_halfyear::2010.5:treated,-40011.7637810273,23176.1353790016,-1.72642086899783,0.0883348134593183,-86171.0378128016,6147.51025074691,event_semiannual_hedonic_dollars,2010,2010.5
sale_halfyear::2011:treated,13819.216820736,23372.5093748652,0.591259440699902,0.556101119844613,-32731.1699198461,60369.6035613181,event_semiannual_hedonic_dollars,2011,2011
sale_halfyear::2011.5:treated,-10598.7011240003,26754.9175064893,-0.396140302859451,0.693111525648327,-63885.7374949776,42688.335246977,event_semiannual_hedonic_dollars,2011,2011.5
sale_halfyear::2012:treated,-18746.6216849566,22195.8964988233,-0.844598535857763,0.400985951580067,-62953.5807881708,25460.3374182576,event_semiannual_hedonic_dollars,2012,2012
sale_halfyear::2013:treated,2800.71237817657,24308.4095316587,0.115215780552364,0.908577962455784,-45613.6810700532,51215.1058264064,event_semiannual_hedonic_dollars,2013,2013
sale_halfyear::2013.5:treated,18688.2536273713,22078.5727633171,0.846443011860858,0.399963041919186,-25285.0350053742,62661.5422601167,event_semiannual_hedonic_dollars,2013,2013.5
sale_halfyear::2014:treated,14811.4964464855,23522.062469968,0.629685278040403,0.530789020036847,-32036.7510973004,61659.7439902715,event_semiannual_hedonic_dollars,2014,2014
sale_halfyear::2014.5:treated,33462.414857486,36717.6098784701,0.911345127535308,0.364995184715257,-39667.0430290812,106591.872744053,event_semiannual_hedonic_dollars,2014,2014.5
sale_halfyear::2015:treated,54037.5527474078,38583.1296799071,1.40054871638754,0.165418704378907,-22807.4098304312,130882.515325247,event_semiannual_hedonic_dollars,2015,2015
sale_halfyear::2015.5:treated,23795.2045155675,34040.2950381451,0.699030501612952,0.486666775915795,-44001.9187361294,91592.3277672643,event_semiannual_hedonic_dollars,2015,2015.5
sale_halfyear::2016:treated,77021.2848801319,37375.6584728226,2.06073385800379,0.0427502631109226,2581.20963237762,151461.360127886,event_semiannual_hedonic_dollars,2016,2016
sale_halfyear::2016.5:treated,60203.4534013122,35112.0593863851,1.71460901050584,0.0904922927891042,-9728.27354676786,130135.180349392,event_semiannual_hedonic_dollars,2016,2016.5
sale_halfyear::2017:treated,53153.69028494,39592.5061842067,1.34251896148324,0.18342416299807,-25701.6198293314,132009.000399211,event_semiannual_hedonic_dollars,2017,2017
sale_halfyear::2017.5:treated,92256.5616113003,44562.1198255153,2.07029113454509,0.0418220762521975,3503.40812711808,181009.715095483,event_semiannual_hedonic_dollars,2017,2017.5
sale_halfyear::2018:treated,56391.7329313204,33929.2016154485,1.66204125786574,0.100624073564932,-11184.1285932799,123967.594455921,event_semiannual_hedonic_dollars,2018,2018
sale_halfyear::2018.5:treated,40482.483125153,38225.6557045029,1.05903959995078,0.292936077280571,-35650.5083272127,116615.474577519,event_semiannual_hedonic_dollars,2018,2018.5
treated_post,0.0611408904891338,0.085475183823605,0.715305750208272,0.476611919174964,-0.109097691936683,0.231379472914951,did_semiannual_hedonic_log,,
treated_post,57768.4644044079,30100.2499310852,1.91920215070205,0.058712988981084,-2181.37892679322,117718.307735609,did_semiannual_hedonic_dollars,,
treated_post,0.0456713840905414,0.0835783194681469,0.546450136604477,0.586357289822007,-0.120789265554298,0.212132033735381,did_semiannual_amenity_log,,
treated_post,58521.1207697534,27986.8122347358,2.09102488268099,0.0398680861479651,2780.55341056191,114261.688128945,did_semiannual_amenity_dollars,,
sale_halfyear::2008:treated,-0.145429475287409,0.148552836466452,-0.978974745596677,0.330698531601223,-0.441298090762665,0.150439140187846,event_semiannual_amenity_log,2008,2008
sale_halfyear::2008.5:treated,-0.0739790347609524,0.138392305445153,-0.534560317663551,0.594514370650092,-0.349611198901642,0.201653129379738,event_semiannual_amenity_log,2008,2008.5
sale_halfyear::2009:treated,-0.0304309658711277,0.121292173734162,-0.250889772474716,0.80257639901748,-0.272005266061721,0.211143334319465,event_semiannual_amenity_log,2009,2009
sale_halfyear::2009.5:treated,-0.0137922730818411,0.128724508840665,-0.107145664847035,0.914955761013495,-0.270169351529756,0.242584805366074,event_semiannual_amenity_log,2009,2009.5
sale_halfyear::2010:treated,-0.100862293777792,0.108879944716631,-0.92636246317258,0.357190057891593,-0.31771549740953,0.115990909853946,event_semiannual_amenity_log,2010,2010
sale_halfyear::2010.5:treated,-0.163417410437732,0.1229897165079,-1.32870792028564,0.18792007592576,-0.408372660074477,0.0815378391990144,event_semiannual_amenity_log,2010,2010.5
sale_halfyear::2011:treated,-0.10340626258601,0.121786211999523,-0.849080211037478,0.398503286126839,-0.345964525257839,0.139152000085819,event_semiannual_amenity_log,2011,2011
sale_halfyear::2011.5:treated,-0.0288261307270106,0.162410372152706,-0.177489469083335,0.859596136606278,-0.352294420465751,0.29464215901173,event_semiannual_amenity_log,2011,2011.5
sale_halfyear::2012:treated,-0.00466549357709123,0.125281603243407,-0.0372400532584719,0.970391247916218,-0.254185431249356,0.244854444095173,event_semiannual_amenity_log,2012,2012
sale_halfyear::2013:treated,-0.11520607660402,0.106477211369818,-1.08197871752937,0.282683124388447,-0.327273822040632,0.0968616688325931,event_semiannual_amenity_log,2013,2013
sale_halfyear::2013.5:treated,0.0600709527263628,0.101581410196009,0.591357735735815,0.556035611616064,-0.142245959610107,0.262387865062833,event_semiannual_amenity_log,2013,2013.5
sale_halfyear::2014:treated,0.0559669979075645,0.0983938222604684,0.568806014664301,0.571164888043191,-0.140001282846856,0.251935278661985,event_semiannual_amenity_log,2014,2014
sale_halfyear::2014.5:treated,0.0108914117468782,0.10014766499369,0.108753526580619,0.913684611562137,-0.188569949540924,0.210352773034681,event_semiannual_amenity_log,2014,2014.5
sale_halfyear::2015:treated,-0.0239560765922691,0.10658599102658,-0.224758210357071,0.822770578937489,-0.236240475491741,0.188328322307203,event_semiannual_amenity_log,2015,2015
sale_halfyear::2015.5:treated,-0.117961580932003,0.0913824560143031,-1.29085588281343,0.20066662617742,-0.299965515577748,0.0640423537137431,event_semiannual_amenity_log,2015,2015.5
sale_halfyear::2016:treated,-0.0281787409763905,0.102817695857936,-0.274065089100279,0.784778127157345,-0.232957929603417,0.176600447650636,event_semiannual_amenity_log,2016,2016
sale_halfyear::2016.5:treated,-0.0479193571823369,0.0901001483603925,-0.531845485877157,0.596384288804645,-0.227369354796651,0.131530640431977,event_semiannual_amenity_log,2016,2016.5
sale_halfyear::2017:treated,-0.0670467207775116,0.104994062661427,-0.638576306869047,0.525018335843425,-0.276160519555592,0.142067078000569,event_semiannual_amenity_log,2017,2017
sale_halfyear::2017.5:treated,0.0353763341301008,0.0889566361385452,0.397680664037296,0.691980399979332,-0.141796161513166,0.212548829773368,event_semiannual_amenity_log,2017,2017.5
sale_halfyear::2018:treated,0.00493406550213937,0.0986776136690855,0.0500018729545459,0.960252075452724,-0.191599434827676,0.201467565831955,event_semiannual_amenity_log,2018,2018
sale_halfyear::2018.5:treated,-0.0603396758681685,0.107708438446739,-0.560213078365314,0.576981762961957,-0.274859622550137,0.1541802708138,event_semiannual_amenity_log,2018,2018.5
sale_halfyear::2008:treated,-7630.45402120869,24913.347485464,-0.306279757293185,0.760229133499987,-57249.6858225671,41988.7777801497,event_semiannual_amenity_dollars,2008,2008
sale_halfyear::2008.5:treated,1915.12839062314,22346.5745613702,0.0857012060333291,0.931929318788922,-42591.9320826402,46422.1888638864,event_semiannual_amenity_dollars,2008,2008.5
sale_halfyear::2009:treated,2988.74444215803,18912.7106930904,0.158028348799833,0.874853593480342,-34679.1834194039,40656.67230372,event_semiannual_amenity_dollars,2009,2009
sale_halfyear::2009.5:treated,2960.08400380559,23128.9393915932,0.12798183062737,0.898501400578654,-43105.191072562,49025.3590801732,event_semiannual_amenity_dollars,2009,2009.5
sale_halfyear::2010:treated,-24784.8963926725,19008.4697460016,-1.30388698952929,0.196207697377263,-62643.5449370431,13073.7521516981,event_semiannual_amenity_dollars,2010,2010
sale_halfyear::2010.5:treated,-45969.9767032082,21798.0845619512,-2.10889982431986,0.0382474206944337,-89384.6246679646,-2555.32873845191,event_semiannual_amenity_dollars,2010,2010.5
sale_halfyear::2011:treated,7766.59470284008,21901.553554396,0.354613871730629,0.723860985718903,-35854.1296201162,51387.3190257964,event_semiannual_amenity_dollars,2011,2011
sale_halfyear::2011.5:treated,-15025.4286391036,25963.1269546422,-0.578721841377318,0.564488076977282,-66735.4774553916,36684.6201771844,event_semiannual_amenity_dollars,2011,2011.5
sale_halfyear::2012:treated,-17364.468617437,21726.9485805762,-0.799213407857959,0.426657427054581,-60637.4369965287,25908.4997616547,event_semiannual_amenity_dollars,2012,2012
sale_halfyear::2013:treated,-767.470211869513,22665.2346869629,-0.0338611191310965,0.973076672557239,-45909.1973290617,44374.2569053227,event_semiannual_amenity_dollars,2013,2013
sale_halfyear::2013.5:treated,14914.2170906899,19966.3885905031,0.74696618384878,0.457388690970139,-24852.2921785369,54680.7263599168,event_semiannual_amenity_dollars,2013,2013.5
sale_halfyear::2014:treated,9828.90438555565,22803.8487761245,0.43101953894057,0.667674223532482,-35588.8966163304,55246.7053874417,event_semiannual_amenity_dollars,2014,2014
sale_halfyear::2014.5:treated,29213.3152066258,34164.8870040261,0.855068398241246,0.395200846596505,-38831.9544508979,97258.5848641495,event_semiannual_amenity_dollars,2014,2014.5
sale_halfyear::2015:treated,50704.0440150665,35267.8531796063,1.43768444755765,0.154628428835579,-19537.9731637249,120946.061193858,event_semiannual_amenity_dollars,2015,2015
sale_halfyear::2015.5:treated,18495.184578264,30516.0960028837,0.606079643232092,0.546267855347812,-42282.8879839665,79273.2571404945,event_semiannual_amenity_dollars,2015,2015.5
sale_halfyear::2016:treated,70762.2817625735,31635.1941975153,2.23682147549868,0.0282300972083615,7755.33197859245,133769.231546555,event_semiannual_amenity_dollars,2016,2016
sale_halfyear::2016.5:treated,56022.6933305349,30169.7017205914,1.85691903252389,0.0671974796792844,-4065.47522751644,116110.861888586,event_semiannual_amenity_dollars,2016,2016.5
sale_halfyear::2017:treated,53459.3385597738,34673.3677402323,1.54179827469553,0.127276349545764,-15598.6582525837,122517.335372131,event_semiannual_amenity_dollars,2017,2017
sale_halfyear::2017.5:treated,86989.3224251536,38717.1199508636,2.24679218225821,0.0275562050879972,9877.49509469165,164101.149755616,event_semiannual_amenity_dollars,2017,2017.5
sale_halfyear::2018:treated,57202.8113303148,28727.6303792676,1.99121231285395,0.0500516474316217,-13.2232360683847,114418.845896698,event_semiannual_amenity_dollars,2018,2018
sale_halfyear::2018.5:treated,41081.4192083255,34544.326180143,1.18923782140351,0.238048413820198,-27719.5690632963,109882.407479947,event_semiannual_amenity_dollars,2018,2018.5
treated_post,-0.0196667259622607,0.0746001503219225,-0.263628503124897,0.792779675915225,-0.168245802033808,0.128912350109287,did_site_log,,
treated_post,18296.1492538904,24809.1436891938,0.737476048472393,0.463103761882092,-31115.5427006155,67707.8412083964,did_site_dollars,,
sale_year::2008:treated,0.123079389656564,0.136904324365687,0.899017545478,0.371482908981945,-0.149589203324484,0.395747982637611,event_site_log,2008,
sale_year::2009:treated,-0.00560717969318684,0.120800169199408,-0.0464169854259965,0.963099652520848,-0.246201567928089,0.234987208541715,event_site_log,2009,
sale_year::2010:treated,-0.14516413840284,0.147854221032494,-0.981805844900001,0.329310715253359,-0.439641340653607,0.149313063847927,event_site_log,2010,
sale_year::2011:treated,-0.0351759365181135,0.164151361302455,-0.214289642431296,0.830895105264393,-0.362111706660097,0.29175983362387,event_site_log,2011,
sale_year::2013:treated,-0.0653395804640826,0.116014265017909,-0.5632029858914,0.574954556705421,-0.296402014428309,0.165722853500144,event_site_log,2013,
sale_year::2014:treated,0.10932545238327,0.109731623982034,0.996298500067488,0.322266719531512,-0.109224017513574,0.327874922280114,event_site_log,2014,
sale_year::2015:treated,-0.0123632339657863,0.119796999440048,-0.103201532789421,0.91807486080157,-0.250959636468147,0.226233168536574,event_site_log,2015,
sale_year::2016:treated,-0.121093417811917,0.154243262767891,-0.785080759048396,0.434846758685612,-0.428295499488949,0.186108663865115,event_site_log,2016,
sale_year::2017:treated,-0.0804877009912233,0.131057629619417,-0.614139758402121,0.540957069154883,-0.341511592189171,0.180536190206724,event_site_log,2017,
sale_year::2018:treated,-0.0432798282623741,0.123588306091553,-0.35019355496557,0.727162132897659,-0.289427272377302,0.202867615852553,event_site_log,2018,
sale_year::2008:treated,12550.8581256786,24100.6655701424,0.520768112778904,0.604042308838534,-35449.7773645802,60551.4936159374,event_site_dollars,2008,
sale_year::2009:treated,-4971.35967571075,23748.0454312575,-0.209337635389874,0.834744786203358,-52269.6912937434,42326.9719423219,event_site_dollars,2009,
sale_year::2010:treated,-29326.4635313551,23301.9845419555,-1.25853930932588,0.21204923242302,-75736.3878939313,17083.4608312211,event_site_dollars,2010,
sale_year::2011:treated,2414.21970164729,23846.7353264447,0.101239002681011,0.919627351819335,-45080.6698774784,49909.109280773,event_site_dollars,2011,
sale_year::2013:treated,-3386.54713592914,19386.2387864036,-0.174688198842587,0.86178917393109,-41997.5879308401,35224.4936589818,event_site_dollars,2013,
sale_year::2014:treated,3453.34097562295,24589.1940736879,0.140441405491946,0.888682801727209,-45520.2833541781,52426.965305424,event_site_dollars,2014,
sale_year::2015:treated,12972.2171762021,27834.5886027809,0.466046664505256,0.642515082779972,-42465.1705446842,68409.6048970883,event_site_dollars,2015,
sale_year::2016:treated,19554.6607646109,32594.7253793354,0.59993328788738,0.550335305033992,-45363.3609923011,84472.6825215229,event_site_dollars,2016,
sale_year::2017:treated,38585.8869816419,39322.2695376194,0.981273142048095,0.32957155399101,-39731.2002054995,116902.974168783,event_site_dollars,2017,
sale_year::2018:treated,-1147.54378456237,35398.9051626868,-0.0324174936848603,0.974224097754631,-71650.5736084947,69355.48603937,event_site_dollars,2018,
treated_post,-0.0481111482298837,0.0729974780491978,-0.659079594468434,0.511836700939133,-0.193498225833609,0.0972759293738412,did_site_hedonic_log,,
treated_post,11459.4739715726,24198.8570523316,0.473554347909522,0.637175229840031,-36736.7268042628,59655.674747408,did_site_hedonic_dollars,,
sale_year::2008:treated,0.144241730254597,0.131982660657382,1.09288394048244,0.27789690159413,-0.118624519924738,0.407107980433932,event_site_hedonic_log,2008,
sale_year::2009:treated,-0.053577394707479,0.12347716241395,-0.43390529600821,0.665586487255769,-0.299503477003989,0.192348687589031,event_site_hedonic_log,2009,
sale_year::2010:treated,-0.0861912202715987,0.138078130967983,-0.624220647160879,0.534352035622872,-0.361197651711458,0.188815211168261,event_site_hedonic_log,2010,
sale_year::2011:treated,-0.0562430153171407,0.155549576159084,-0.361576139941517,0.718672105568558,-0.366046845595025,0.253560814960744,event_site_hedonic_log,2011,
sale_year::2013:treated,-0.115057215588467,0.112419801246924,-1.0234604074397,0.309336927668375,-0.338960654513663,0.108846223336729,event_site_hedonic_log,2013,
sale_year::2014:treated,0.0313910576562884,0.109161987639434,0.287563998559407,0.774463173786188,-0.186023883139542,0.248805998452119,event_site_hedonic_log,2014,
sale_year::2015:treated,-0.0852681593146977,0.119044460554552,-0.716271541888532,0.476018921234066,-0.322365750731124,0.151829432101729,event_site_hedonic_log,2015,
sale_year::2016:treated,-0.152313067040879,0.151002058462753,-1.0086820576585,0.316327839198302,-0.453059730881106,0.148433596799348,event_site_hedonic_log,2016,
sale_year::2017:treated,-0.0766238453314414,0.119556133160772,-0.640902673126791,0.523513841242502,-0.314740521062781,0.161492830399899,event_site_hedonic_log,2017,
sale_year::2018:treated,-0.0153454543674242,0.116439701492865,-0.131788850114533,0.895499576520947,-0.247255218505964,0.216564309771116,event_site_hedonic_log,2018,
sale_year::2008:treated,16234.4652235757,22510.9654898666,0.721180316805324,0.473011308776754,-28600.0081592479,61068.9386063993,event_site_hedonic_dollars,2008,
sale_year::2009:treated,-21261.2382060015,24490.8420701508,-0.868130142079293,0.388056156460098,-70038.977544254,27516.501132251,event_site_hedonic_dollars,2009,
sale_year::2010:treated,-18604.7118366577,21350.3260099565,-0.871401768196963,0.386279243278373,-61127.5713576722,23918.1476843567,event_site_hedonic_dollars,2010,
sale_year::2011:treated,1736.37848212346,22388.6906224655,0.0775560532504355,0.938385023437715,-42854.5633964494,46327.3203606963,event_site_hedonic_dollars,2011,
sale_year::2013:treated,-16584.4212381236,21271.7502830689,-0.779645352048151,0.43802085286553,-58950.7836361129,25781.9411598658,event_site_hedonic_dollars,2013,
sale_year::2014:treated,-16874.3364811483,26106.85225938,-0.646356608353098,0.519995565995511,-68870.6390501954,35121.9660878989,event_site_hedonic_dollars,2014,
sale_year::2015:treated,-4096.59669023428,27307.9495456437,-0.150014803688832,0.881150348070693,-58485.0918258513,50291.8984453828,event_site_hedonic_dollars,2015,
sale_year::2016:treated,11803.4410773779,31694.9655116816,0.372407443479552,0.710625999497518,-51322.5535958706,74929.4357506265,event_site_hedonic_dollars,2016,
sale_year::2017:treated,39126.2475512196,37547.287169969,1.04205258223059,0.300690833728094,-35655.6558716701,113908.150974109,event_site_hedonic_dollars,2017,
sale_year::2018:treated,3389.1168942331,33039.6600333951,0.102577232659401,0.918568689205973,-62415.0690262515,69193.3028147177,event_site_hedonic_dollars,2018,
sale_halfyear::2008:treated,-0.000488211165639305,0.184046157902711,-0.00265265611193786,0.997890439726065,-0.367047902770805,0.366071480439526,event_site_semiannual_log,2008,2008
sale_halfyear::2008.5:treated,0.0542013198676682,0.147602853359675,0.367210515474195,0.714482534696848,-0.239775240274194,0.34817788000953,event_site_semiannual_log,2008,2008.5
sale_halfyear::2009:treated,-0.0218126768645401,0.134890589551636,-0.1617064388038,0.871966161403947,-0.290470569373354,0.246845215644274,event_site_semiannual_log,2009,2009
sale_halfyear::2009.5:treated,-0.0265349851709539,0.178435209013913,-0.148709356844953,0.882176858340897,-0.381919503560186,0.328849533218278,event_site_semiannual_log,2009,2009.5
sale_halfyear::2010:treated,-0.170406095297197,0.169761706573777,-1.00379584263392,0.318662354390414,-0.508515836446722,0.167703645852329,event_site_semiannual_log,2010,2010
sale_halfyear::2010.5:treated,-0.177391361598437,0.210496296407998,-0.842729134077518,0.402024317906967,-0.596631069585892,0.241848346389018,event_site_semiannual_log,2010,2010.5
sale_halfyear::2011:treated,-0.169077397247971,0.208138612376508,-0.812330760340237,0.419139097356976,-0.58362137052771,0.245466576031768,event_site_semiannual_log,2011,2011
sale_halfyear::2011.5:treated,-0.0683873920744108,0.192207174974384,-0.355800412151758,0.722975750653703,-0.45120115784807,0.314426373699249,event_site_semiannual_log,2011,2011.5
sale_halfyear::2012:treated,-0.0101163205760037,0.152294582548865,-0.0664260041735749,0.947213101058737,-0.313437269235846,0.293204628083838,event_site_semiannual_log,2012,2012
sale_halfyear::2013:treated,-0.157210442926731,0.147023451653864,-1.06928820646144,0.28832426428385,-0.450033024561149,0.135612138707688,event_site_semiannual_log,2013,2013
sale_halfyear::2013.5:treated,0.0703600814644419,0.154829519475083,0.454435831765047,0.65081045709786,-0.238009631638526,0.37872979456741,event_site_semiannual_log,2013,2013.5
sale_halfyear::2014:treated,0.0680802291052658,0.142867473751736,0.476527143075058,0.635066101981561,-0.216465005175196,0.352625463385727,event_site_semiannual_log,2014,2014
sale_halfyear::2014.5:treated,0.0783038393162031,0.129319343885726,0.605507551796713,0.54664580393735,-0.179257955798216,0.335865634430622,event_site_semiannual_log,2014,2014.5
sale_halfyear::2015:treated,0.0105795842373736,0.151187593426436,0.0699765370795547,0.944396135649224,-0.290536604508152,0.3116957729829,event_site_semiannual_log,2015,2015
sale_halfyear::2015.5:treated,-0.0840618568000055,0.149136471709492,-0.563657272003543,0.574646844135678,-0.381092882602846,0.212969169002835,event_site_semiannual_log,2015,2015.5
sale_halfyear::2016:treated,-0.146626818861018,0.164650015578046,-0.890536319393877,0.375988481758063,-0.47455574506538,0.181302107343344,event_site_semiannual_log,2016,2016
sale_halfyear::2016.5:treated,-0.107498615621912,0.158083250020203,-0.680012687037831,0.498562630757913,-0.42234869473076,0.207351463486936,event_site_semiannual_log,2016,2016.5
sale_halfyear::2017:treated,-0.201260950710533,0.149291446743651,-1.34810771213249,0.181628127616226,-0.498600636044087,0.0960787346230217,event_site_semiannual_log,2017,2017
sale_halfyear::2017.5:treated,-0.024105499950926,0.15079621796745,-0.159854804555704,0.873419545516946,-0.324442196914702,0.27623119701285,event_site_semiannual_log,2017,2017.5
sale_halfyear::2018:treated,-0.0339664034077131,0.126864255863924,-0.267738167669117,0.789626158719186,-0.286638466954843,0.218705660139417,event_site_semiannual_log,2018,2018
sale_halfyear::2018.5:treated,-0.0862924882833633,0.164402981287931,-0.524883962610342,0.601191677062266,-0.41372940305846,0.241144426491734,event_site_semiannual_log,2018,2018.5
sale_halfyear::2008:treated,-32417.8262774542,34982.363407273,-0.926690569760487,0.357020732529189,-102091.241296356,37255.5887414471,event_site_semiannual_dollars,2008,2008
sale_halfyear::2008.5:treated,7671.92875167541,29422.5264251507,0.260750169472781,0.794990404937406,-50928.1112358436,66271.9687391944,event_site_semiannual_dollars,2008,2008.5
sale_halfyear::2009:treated,-11642.8293180883,22172.1778977526,-0.525109863892462,0.601035397611492,-55802.5487332111,32516.8900970344,event_site_semiannual_dollars,2009,2009
sale_halfyear::2009.5:treated,-25375.659457086,31073.2000093168,-0.816641332385383,0.416685906172183,-87263.3008096526,36511.9818954807,event_site_semiannual_dollars,2009,2009.5
sale_halfyear::2010:treated,-47945.0529365141,24120.7059571105,-1.98771350315227,0.0504457230259006,-95985.602316584,95.4964435558359,event_site_semiannual_dollars,2010,2010
sale_halfyear::2010.5:treated,-48396.0846004531,30390.1061076039,-1.5924947556647,0.115424568173448,-108923.226539163,12131.0573382566,event_site_semiannual_dollars,2010,2010.5
sale_halfyear::2011:treated,-18131.1044159423,27917.8974890538,-0.649443763558887,0.518009600529598,-73734.4161637583,37472.2073318737,event_site_semiannual_dollars,2011,2011
sale_halfyear::2011.5:treated,-34012.8878848156,26502.8657969116,-1.28336641574735,0.203263239119881,-86797.9197696128,18772.1439999816,event_site_semiannual_dollars,2011,2011.5
sale_halfyear::2012:treated,-39623.0662291434,24290.3896920032,-1.63122398329361,0.106980443412238,-88001.5700563012,8755.43759801442,event_site_semiannual_dollars,2012,2012
sale_halfyear::2013:treated,-25726.7623872441,20948.618454261,-1.228088737375,0.223203462814759,-67449.5519724924,15996.0271980043,event_site_semiannual_dollars,2013,2013
sale_halfyear::2013.5:treated,1835.40291905169,23633.3649709951,0.0776615146131013,0.938301409279976,-45234.5227674149,48905.3286055183,event_site_semiannual_dollars,2013,2013.5
sale_halfyear::2014:treated,-7841.1601074582,26233.4573030798,-0.29889922692491,0.765832726714667,-60089.618474285,44407.2982593687,event_site_semiannual_dollars,2014,2014
sale_halfyear::2014.5:treated,-4338.96007997761,28295.0937469258,-0.153346729252277,0.878531286513065,-60693.5232830576,52015.6031231024,event_site_semiannual_dollars,2014,2014.5
sale_halfyear::2015:treated,12820.7495772578,31102.3027420306,0.412212230187453,0.681344288065248,-49124.8548909207,74766.3540454361,event_site_semiannual_dollars,2015,2015
sale_halfyear::2015.5:treated,-12051.4204433779,29913.3061238995,-0.402878250684209,0.688168864032945,-71628.9329142644,47526.0920275087,event_site_semiannual_dollars,2015,2015.5
sale_halfyear::2016:treated,21771.0820530442,34765.0069678242,0.626235515304048,0.533036881832228,-47469.4300988771,91011.5942049655,event_site_semiannual_dollars,2016,2016
sale_halfyear::2016.5:treated,-1556.9947083354,37549.0497753676,-0.0414656221036199,0.967033441520677,-76342.4086641192,73228.4192474484,event_site_semiannual_dollars,2016,2016.5
sale_halfyear::2017:treated,-12035.4307431051,36245.4892225993,-0.332053201687809,0.74076312767319,-84224.5788509269,60153.7173647167,event_site_semiannual_dollars,2017,2017
sale_halfyear::2017.5:treated,33212.8925744384,40067.9282951881,0.82891464539301,0.409748503842355,-46589.3027362942,113015.087885171,event_site_semiannual_dollars,2017,2017.5
sale_halfyear::2018:treated,-13636.9999429669,35383.3288038773,-0.38540749002317,0.701012149401426,-84109.0067597004,56835.0068737666,event_site_semiannual_dollars,2018,2018
sale_halfyear::2018.5:treated,1320.06098034936,43598.2206128194,0.030277863678712,0.975924822013612,-85513.3208434484,88153.4428041471,event_site_semiannual_dollars,2018,2018.5
sale_halfyear::2008:treated,0.0845879867443,0.178974305270837,0.472626428784261,0.637834181856385,-0.27187023489381,0.44104620838241,event_site_semiannual_hedonic_log,2008,2008
sale_halfyear::2008.5:treated,0.000113335867991005,0.147327457778023,0.000769278651110417,0.999388220191548,-0.293314726437079,0.293541398173061,event_site_semiannual_hedonic_log,2008,2008.5
sale_halfyear::2009:treated,-0.0770636896804993,0.14045807825826,-0.548659718516172,0.584847243142058,-0.356810196950802,0.202682817589803,event_site_semiannual_hedonic_log,2009,2009
sale_halfyear::2009.5:treated,-0.0261449564245834,0.177724429205115,-0.147109525356298,0.883435126793125,-0.380113834137143,0.327823921287976,event_site_semiannual_hedonic_log,2009,2009.5
sale_halfyear::2010:treated,-0.122393116304309,0.158061964478934,-0.774336297209703,0.441134241629366,-0.437200801583629,0.192414568975011,event_site_semiannual_hedonic_log,2010,2010
sale_halfyear::2010.5:treated,-0.0976113599969306,0.20557239771012,-0.474827170788627,0.63627182382317,-0.507044273815156,0.311821553821295,event_site_semiannual_hedonic_log,2010,2010.5
sale_halfyear::2011:treated,-0.160127809055912,0.201602829285829,-0.79427362018261,0.429509369744225,-0.561654642171367,0.241399024059543,event_site_semiannual_hedonic_log,2011,2011
sale_halfyear::2011.5:treated,-0.0768528533676456,0.182018605628481,-0.422225261545571,0.674052687545214,-0.439374324643605,0.285668617908314,event_site_semiannual_hedonic_log,2011,2011.5
sale_halfyear::2012:treated,0.0205758875510642,0.151060707199873,0.136209395099942,0.89201590591594,-0.280287585372476,0.321439360474604,event_site_semiannual_hedonic_log,2012,2012
sale_halfyear::2013:treated,-0.183021160520814,0.153002851216504,-1.19619444386584,0.235339274810936,-0.487752748486262,0.121710427444634,event_site_semiannual_hedonic_log,2013,2013
sale_halfyear::2013.5:treated,0.0260576901657698,0.148863373107678,0.175044335095923,0.861510303995517,-0.270429412632106,0.322544792963645,event_site_semiannual_hedonic_log,2013,2013.5
sale_halfyear::2014:treated,-0.00273674836261484,0.146598735529145,-0.0186682944619993,0.985154644978511,-0.294713434524555,0.289239937799326,event_site_semiannual_hedonic_log,2014,2014
sale_halfyear::2014.5:treated,-0.00505703993701223,0.141213093642361,-0.0358114095978931,0.971526629568392,-0.28630729066769,0.276193210793666,event_site_semiannual_hedonic_log,2014,2014.5
sale_halfyear::2015:treated,-0.0369881322096326,0.150070891258824,-0.246471063771055,0.805982100424581,-0.335880215834794,0.261903951415529,event_site_semiannual_hedonic_log,2015,2015
sale_halfyear::2015.5:treated,-0.136103107178715,0.133578630603919,-1.0188988056202,0.31148360255244,-0.402148006986383,0.129941792628953,event_site_semiannual_hedonic_log,2015,2015.5
sale_halfyear::2016:treated,-0.199505756937342,0.160345275875129,-1.24422597328473,0.217240077445385,-0.518861050983755,0.119849537109071,event_site_semiannual_hedonic_log,2016,2016
sale_halfyear::2016.5:treated,-0.0840773822323235,0.147979369170501,-0.568169621911619,0.57159470820629,-0.378803838601707,0.21064907413706,event_site_semiannual_hedonic_log,2016,2016.5
sale_halfyear::2017:treated,-0.228531180484599,0.137720525222777,-1.65938359670737,0.101159866225962,-0.502825378356681,0.0457630173874824,event_site_semiannual_hedonic_log,2017,2017
sale_halfyear::2017.5:treated,0.0326592913266635,0.138929194376247,0.235078677835098,0.814779910918317,-0.244042179792508,0.309360762445834,event_site_semiannual_hedonic_log,2017,2017.5
sale_halfyear::2018:treated,0.0369193985974503,0.118325384981825,0.312015875571597,0.755882871319963,-0.19874602969651,0.272584826891411,event_site_semiannual_hedonic_log,2018,2018
sale_halfyear::2018.5:treated,-0.120666571622911,0.154466183101484,-0.781184393891788,0.437120727850349,-0.428312637622493,0.186979494376672,event_site_semiannual_hedonic_log,2018,2018.5
sale_halfyear::2008:treated,-7746.64689843664,30888.8091562438,-0.250791374288728,0.802652197659239,-69267.0420394687,53773.7482425955,event_site_semiannual_hedonic_dollars,2008,2008
sale_halfyear::2008.5:treated,1452.43049823225,25530.8150466746,0.0568893118209099,0.954782671796608,-49396.5945321334,52301.4555285979,event_site_semiannual_hedonic_dollars,2008,2008.5
sale_halfyear::2009:treated,-23378.0384493864,23034.0580977348,-1.01493355405253,0.313357757733791,-69254.3410516087,22498.2641528359,event_site_semiannual_hedonic_dollars,2009,2009
sale_halfyear::2009.5:treated,-28400.9705291133,30548.0229897087,-0.929715502004215,0.355462090981641,-89242.6311965117,32440.690138285,event_site_semiannual_hedonic_dollars,2009,2009.5
sale_halfyear::2010:treated,-36577.1639321812,21160.3094450131,-1.72857415092299,0.087946102161679,-78721.5726654191,5567.24480105668,event_site_semiannual_hedonic_dollars,2010,2010
sale_halfyear::2010.5:treated,-26916.048901034,28268.1878961969,-0.952167468246354,0.344030533999042,-83217.0244581781,29384.9266561101,event_site_semiannual_hedonic_dollars,2010,2010.5
sale_halfyear::2011:treated,-5783.0809671586,28092.0816700757,-0.205861603105008,0.837449467612963,-61733.3105773493,50167.1486430321,event_site_semiannual_hedonic_dollars,2011,2011
sale_halfyear::2011.5:treated,-29080.6387781065,24208.7922511461,-1.20124285740565,0.233387238777577,-77296.6272172921,19135.349661079,event_site_semiannual_hedonic_dollars,2011,2011.5
sale_halfyear::2012:treated,-22554.9535280794,23931.206830685,-0.942491270400914,0.348927572242192,-70218.0826884961,25108.1756323373,event_site_semiannual_hedonic_dollars,2012,2012
sale_halfyear::2013:treated,-24609.8313978994,25083.3474232116,-0.981122295309195,0.329645441109343,-74567.647418911,25347.9846231123,event_site_semiannual_hedonic_dollars,2013,2013
sale_halfyear::2013.5:treated,-7277.61346744502,23869.3612560728,-0.304893515556202,0.761280655432582,-54817.5664908787,40262.3395559887,event_site_semiannual_hedonic_dollars,2013,2013.5
sale_halfyear::2014:treated,-25766.1336508708,24830.9579768729,-1.03766168324512,0.302717816199085,-75221.2725246462,23689.0052229046,event_site_semiannual_hedonic_dollars,2014,2014
sale_halfyear::2014.5:treated,-16633.2498941672,30362.057886561,-0.547830122592893,0.585413979714451,-77104.5289592764,43838.029170942,event_site_semiannual_hedonic_dollars,2014,2014.5
sale_halfyear::2015:treated,1689.51504934195,29067.7424075402,0.0581233666397047,0.953802914757039,-56203.9113279625,59582.9414266464,event_site_semiannual_hedonic_dollars,2015,2015
sale_halfyear::2015.5:treated,-15774.0547361396,26668.5203965598,-0.591485935536733,0.555950179278822,-68889.0163497177,37340.9068774385,event_site_semiannual_hedonic_dollars,2015,2015.5
sale_halfyear::2016:treated,14330.5353980287,33959.4501523404,0.421989618022159,0.674223930874925,-53305.571308981,81966.6421050384,event_site_semiannual_hedonic_dollars,2016,2016
sale_halfyear::2016.5:treated,5880.63489870553,36325.369430552,0.161887820850612,0.871823814689604,-66467.6084313486,78228.8782287596,event_site_semiannual_hedonic_dollars,2016,2016.5
sale_halfyear::2017:treated,-14001.1070825089,33110.6929896308,-0.422857567097541,0.67359327305301,-79946.76739631,51944.5532312923,event_site_semiannual_hedonic_dollars,2017,2017
sale_halfyear::2017.5:treated,51289.4439219667,38787.842914889,1.3223071990497,0.190031619614695,-25963.2403988176,128542.128242751,event_site_semiannual_hedonic_dollars,2017,2017.5
sale_halfyear::2018:treated,1944.30275031106,31167.7770600135,0.0623818229502641,0.950422541263513,-60131.7051236291,64020.3106242513,event_site_semiannual_hedonic_dollars,2018,2018
sale_halfyear::2018.5:treated,-5782.12788450252,37109.7680593972,-0.155811480019163,0.876594738404198,-79692.6364786703,68128.3807096653,event_site_semiannual_hedonic_dollars,2018,2018.5
treated_post,-0.0244594065911828,0.0761343064634322,-0.321266558104535,0.748890243685925,-0.176094019428693,0.127175206246328,did_site_semiannual_hedonic_log,,
treated_post,18284.7261765445,23913.5380454112,0.764618189990216,0.446866605415059,-29343.2125481966,65912.6649012857,did_site_semiannual_hedonic_dollars,,
treated_post,-0.0215522446265166,0.0792933837892204,-0.271803820149828,0.786509867696594,-0.179478705245549,0.136374215992516,did_site_semiannual_amenity_log,,
treated_post,30845.8198906408,22798.5160392409,1.35297489703053,0.180074848219313,-14561.3600452599,76252.9998265414,did_site_semiannual_amenity_dollars,,
sale_halfyear::2008:treated,-0.0332508259180608,0.167600392452697,-0.198393484832952,0.843266958678958,-0.367055936931793,0.300554285095671,event_site_semiannual_amenity_log,2008,2008
sale_halfyear::2008.5:treated,-0.0681862868582659,0.141693221722445,-0.481224761702661,0.631739406738055,-0.350392795535168,0.214020221818636,event_site_semiannual_amenity_log,2008,2008.5
sale_halfyear::2009:treated,-0.0814622298473181,0.129541704612563,-0.62884945115519,0.531333193306723,-0.33946689473084,0.176542435036204,event_site_semiannual_amenity_log,2009,2009
sale_halfyear::2009.5:treated,-0.0914047280761226,0.169405801121039,-0.539560791137339,0.591077322220849,-0.428805622083807,0.245996165931562,event_site_semiannual_amenity_log,2009,2009.5
sale_halfyear::2010:treated,-0.205301382308257,0.147425346426968,-1.39257859848381,0.167808145827129,-0.498924406754225,0.0883216421377104,event_site_semiannual_amenity_log,2010,2010
sale_halfyear::2010.5:treated,-0.15951074872391,0.181133115803968,-0.880627200696652,0.381295990855479,-0.520268614170268,0.201247116722447,event_site_semiannual_amenity_log,2010,2010.5
sale_halfyear::2011:treated,-0.205682271983252,0.186955469059398,-1.10016718429299,0.274731849374796,-0.578036358932125,0.166671814965621,event_site_semiannual_amenity_log,2011,2011
sale_halfyear::2011.5:treated,-0.11166538891478,0.177360007794007,-0.629597338789436,0.530846260166105,-0.464908458484468,0.241577680654907,event_site_semiannual_amenity_log,2011,2011.5
sale_halfyear::2012:treated,-0.00160624723178948,0.148940268826558,-0.0107845060603454,0.991423635468379,-0.298246501126758,0.295034006663179,event_site_semiannual_amenity_log,2012,2012
sale_halfyear::2013:treated,-0.219279145904012,0.143395856801515,-1.52918745907375,0.130369699244897,-0.504876746232117,0.0663184544240938,event_site_semiannual_amenity_log,2013,2013
sale_halfyear::2013.5:treated,-0.0273904726042633,0.13643204358855,-0.200762752530975,0.84142039307244,-0.299118436897426,0.244337491688899,event_site_semiannual_amenity_log,2013,2013.5
sale_halfyear::2014:treated,-0.0356711397681728,0.135133566492394,-0.263969498430877,0.792517883646752,-0.30481296279467,0.233470683258324,event_site_semiannual_amenity_log,2014,2014
sale_halfyear::2014.5:treated,-0.0624104970124775,0.131933899309136,-0.473043678230433,0.637537840390394,-0.325179630550102,0.200358636525147,event_site_semiannual_amenity_log,2014,2014.5
sale_halfyear::2015:treated,-0.0684392116948068,0.150487776607842,-0.454782529435289,0.65056211180985,-0.36816159445097,0.231283171061356,event_site_semiannual_amenity_log,2015,2015
sale_halfyear::2015.5:treated,-0.170475423863374,0.12836116621357,-1.32809189018845,0.188122527892653,-0.426128842752987,0.0851779950262388,event_site_semiannual_amenity_log,2015,2015.5
sale_halfyear::2016:treated,-0.239985637893438,0.148912795399597,-1.6115850706412,0.111197773230521,-0.536571173716436,0.0565998979295597,event_site_semiannual_amenity_log,2016,2016
sale_halfyear::2016.5:treated,-0.113515146624138,0.131056875152935,-0.86615178708994,0.389133117557856,-0.374537535171859,0.147507241923583,event_site_semiannual_amenity_log,2016,2016.5
sale_halfyear::2017:treated,-0.279803547339512,0.137733487075658,-2.0314852493774,0.0457019795316101,-0.554123560978948,-0.00548353370007648,event_site_semiannual_amenity_log,2017,2017
sale_halfyear::2017.5:treated,-0.0108754435717238,0.127930962322091,-0.0850102537675183,0.932476784282939,-0.265672037154116,0.243921150010668,event_site_semiannual_amenity_log,2017,2017.5
sale_halfyear::2018:treated,-0.0179128149652473,0.107363294014795,-0.166843008400794,0.867936689029727,-0.231745346935742,0.195919717005247,event_site_semiannual_amenity_log,2018,2018
sale_halfyear::2018.5:treated,-0.207112823935346,0.144129945545569,-1.43698676323904,0.154826000104805,-0.494172488708033,0.0799468408373397,event_site_semiannual_amenity_log,2018,2018.5
sale_halfyear::2008:treated,-14196.8042482273,28854.8386806222,-0.492007749735276,0.624132046592755,-71666.1961041379,43272.5876076833,event_site_semiannual_amenity_dollars,2008,2008
sale_halfyear::2008.5:treated,13078.7075378038,25192.1994366503,0.519157033933946,0.605159823353748,-37095.9060568783,63253.3211324859,event_site_semiannual_amenity_dollars,2008,2008.5
sale_halfyear::2009:treated,-16886.0000334146,18932.4129534557,-0.891909556110352,0.375256637006858,-54593.1683472942,20821.168280465,event_site_semiannual_amenity_dollars,2009,2009
sale_halfyear::2009.5:treated,-29919.724224314,28142.5318058538,-1.0631496992069,0.291080525863318,-85970.4339880867,26130.9855394587,event_site_semiannual_amenity_dollars,2009,2009.5
sale_halfyear::2010:treated,-43173.0452563882,17591.880755952,-2.45414608337322,0.0164107121486688,-78210.3123101528,-8135.77820262357,event_site_semiannual_amenity_dollars,2010,2010
sale_halfyear::2010.5:treated,-30519.1411679938,23921.3367207095,-1.27581253189636,0.205907375707901,-78162.612300718,17124.3299647305,event_site_semiannual_amenity_dollars,2010,2010.5
sale_halfyear::2011:treated,-9176.4592926715,23007.3681811248,-0.39884871752519,0.691123135905763,-54999.604319028,36646.685733685,event_site_semiannual_amenity_dollars,2011,2011
sale_halfyear::2011.5:treated,-29948.0299529524,21722.8302422138,-1.37864309664192,0.172049397913445,-73212.7959503304,13316.7360444256,event_site_semiannual_amenity_dollars,2011,2011.5
sale_halfyear::2012:treated,-22321.7718401189,19636.5062556535,-1.13674864303788,0.25921492791831,-61431.2634986201,16787.7198183823,event_site_semiannual_amenity_dollars,2012,2012
sale_halfyear::2013:treated,-21918.6211272381,21204.4840906679,-1.03367858578953,0.304564542971818,-64151.0112922675,20313.7690377912,event_site_semiannual_amenity_dollars,2013,2013
sale_halfyear::2013.5:treated,-2314.67135805811,20129.9494020385,-0.114986446902033,0.908759123519425,-42406.9402156313,37777.597499515,event_site_semiannual_amenity_dollars,2013,2013.5
sale_halfyear::2014:treated,-18327.853124937,19871.6696591643,-0.922310678432836,0.359285304742521,-57905.7132930015,21250.0070431274,event_site_semiannual_amenity_dollars,2014,2014
sale_halfyear::2014.5:treated,-10582.6163746282,26692.4357531816,-0.396464993771385,0.692873038865095,-63745.20954894,42579.9767996835,event_site_semiannual_amenity_dollars,2014,2014.5
sale_halfyear::2015:treated,15555.8073597388,26246.9775236714,0.59267042636469,0.555161143837769,-36719.5788601167,67831.1935795942,event_site_semiannual_amenity_dollars,2015,2015
sale_halfyear::2015.5:treated,-4553.9323689107,24518.6432612085,-0.185733456798386,0.853148614141202,-53387.0425779083,44279.1778400869,event_site_semiannual_amenity_dollars,2015,2015.5
sale_halfyear::2016:treated,22621.6626125592,30195.4747312045,0.749173934635366,0.456064970923928,-37517.8373447983,82761.1625699167,event_site_semiannual_amenity_dollars,2016,2016
sale_halfyear::2016.5:treated,21283.5300567615,28877.8794127602,0.737018454594594,0.463380352531967,-36231.7513942544,78798.8115077774,event_site_semiannual_amenity_dollars,2016,2016.5
sale_halfyear::2017:treated,-1092.30130141819,29952.5420374045,-0.036467732857336,0.971005024321208,-60747.9588665471,58563.3562637107,event_site_semiannual_amenity_dollars,2017,2017
sale_halfyear::2017.5:treated,68524.6576438857,37071.4509331248,1.84844822414696,0.068427306982968,-5309.53577940512,142358.851067177,event_site_semiannual_amenity_dollars,2017,2017.5
sale_halfyear::2018:treated,17694.4127212413,24525.1919069372,0.721479072962372,0.4728286054344,-31151.7402460845,66540.5656885672,event_site_semiannual_amenity_dollars,2018,2018
sale_halfyear::2018.5:treated,6312.45992819153,34128.9605441746,0.184959044387567,0.853753854165605,-61661.2559832845,74286.1758396676,event_site_semiannual_amenity_dollars,2018,2018.5
