school_site_id,treated,sale_year,sales,parcels,mean_real_price,mean_log_real_price
609797,0,2008,7,7,125239.28068283,11.4421349698666
609797,0,2009,26,23,116597.274614656,11.1909237414227
609797,0,2010,15,14,79384.0758030342,10.9701274425531
609797,0,2011,12,12,77968.7747375641,10.8699800925889
609797,0,2012,6,6,60187.3756778179,10.729757381736
609797,0,2013,7,7,122832.892589856,11.3547946759576
609797,0,2014,10,10,122542.335341676,11.4313726822343
609797,0,2015,10,10,199149.376493618,12.0409745775648
609797,0,2016,11,11,125215.480558969,11.3669322975358
609797,0,2017,9,9,222089.125789198,12.0615017750202
609797,0,2018,15,15,181234.81847592,12.0055863791566
609809,0,2008,9,9,650322.051907381,13.3085916590931
609809,0,2009,15,15,345393.340466574,12.6507884152224
609809,0,2010,18,18,438306.657182534,12.8554774774644
609809,0,2011,14,14,440811.92407526,12.8565901130761
609809,0,2012,19,18,402169.523151219,12.7214602312616
609809,0,2013,31,30,526055.473234892,13.05382010654
609809,0,2014,21,20,711457.439734001,13.3777730883235
609809,0,2015,22,22,601276.726778234,13.1542801783926
609809,0,2016,39,39,674215.133595336,13.3174603933028
609809,0,2017,33,33,724977.530035197,13.3998161868572
609809,0,2018,32,31,780893.78685056,13.478145779466
609812,0,2008,1,1,364989.745127266,12.8076245366282
609812,0,2010,1,1,186029.831523253,12.1336623243687
609812,0,2013,1,1,424230.702435059,12.9580326957568
609812,0,2016,2,2,881363.345200701,13.5710976827642
609812,0,2018,1,1,1017620.83241676,13.8329779434661
609819,0,2008,6,2,253463.503686136,12.4322807025883
609819,0,2009,4,4,175079.365911842,11.9682229709769
609819,0,2010,2,2,526786.936810387,13.1742178285069
609819,0,2011,2,2,48037.1583749496,10.7795819439604
609819,0,2012,2,2,216018.284686298,12.1327883822741
609819,0,2013,3,3,261325.736342919,11.6027652291978
609819,0,2014,2,2,272861.596433964,12.1222843565716
609819,0,2015,3,3,332464.971895515,12.6424553289624
609819,0,2016,1,1,462830.64022471,13.0451164783001
609819,0,2017,3,3,169000.066255227,11.6040989870801
609819,0,2018,7,6,214793.774261562,11.9559417099245
609848,0,2008,2,2,32677.7859899054,10.3340181363989
609848,0,2010,2,2,18975.2344364539,9.83287331151642
609848,0,2011,3,3,36087.1256979,10.3691443391821
609848,0,2012,3,3,20257.8138237417,9.91475233072379
609848,0,2013,1,1,18193.4165280089,9.80881507839481
609848,0,2014,3,3,20701.0159735915,9.93289999204068
609848,0,2015,1,1,21405.6463666801,9.97141001511823
609848,0,2016,2,2,51393.1581144295,10.7758477636671
609848,0,2017,5,5,51779.9151684843,10.6521149020467
609848,0,2018,2,2,51488.9480086609,10.6554949070448
609864,0,2008,20,17,182466.258722834,11.8973581472197
609864,0,2009,21,19,131962.433387124,11.4730319196657
609864,0,2010,12,12,115817.867746745,11.4162830144764
609864,0,2011,14,13,111422.30982517,11.3647697994913
609864,0,2012,31,26,76025.3480804475,10.9339679493789
609864,0,2013,22,21,103457.312480851,11.2949194755729
609864,0,2014,24,23,99785.3219269936,11.2335662749513
609864,0,2015,19,16,101320.852346406,11.297251807867
609864,0,2016,31,26,115949.857487302,11.3853014266215
609864,0,2017,43,40,109869.032667599,11.3703854051541
609864,0,2018,38,36,175131.074735401,11.8478028557183
609869,0,2008,7,7,47710.8508913596,10.5782939063343
609869,0,2009,7,7,132624.791720553,10.7839777180013
609869,0,2010,9,9,104446.502976278,11.1703229741371
609869,0,2011,3,3,121743.003992568,11.2750900192366
609869,0,2012,7,7,30646.7190332526,10.0407970545337
609869,0,2013,4,4,39437.9119891791,10.3040120370898
609869,0,2014,5,5,19255.5553436098,9.81957407905186
609869,0,2015,2,1,22834.9474710985,10.0019387168473
609869,0,2016,3,3,32018.2977524876,10.356821889419
609869,0,2017,6,6,44502.9432442958,10.4949720163603
609869,0,2018,7,6,85678.2275834592,11.1825610655616
609873,0,2008,16,15,117368.87944515,11.2739219409312
609873,0,2009,11,10,77095.7364718448,11.0570258698131
609873,0,2010,13,12,81455.4896980931,10.9098816441992
609873,0,2011,11,11,64200.0905371614,10.8680799225566
609873,0,2012,18,18,71688.2111743158,10.9049519258481
609873,0,2013,14,13,74026.8641900235,10.9608277705859
609873,0,2014,16,16,76407.8917162735,11.1058608036656
609873,0,2015,6,6,68189.2151826838,11.0868851752491
609873,0,2016,15,14,109908.920014337,11.4042584256751
609873,0,2017,12,12,148491.193311399,11.7591499106244
609873,0,2018,22,20,144674.421026958,11.6089889014665
609902,0,2008,22,19,116612.15132728,11.2724944068431
609902,0,2009,15,15,68689.4804526376,10.7109956816146
609902,0,2010,16,15,84928.2355866281,10.9561918957819
609902,0,2011,8,8,67984.6827387003,10.5946919683184
609902,0,2012,9,8,55090.4747030465,10.5850278468415
609902,0,2013,14,12,61541.471557998,10.5643417778539
609902,0,2014,15,14,49629.0566488416,10.6301338943432
609902,0,2015,9,9,29524.8927624112,10.1881900797873
609902,0,2016,10,10,71706.7144446984,10.9566277829409
609902,0,2017,21,19,43490.2322048508,10.4408033912201
609902,0,2018,24,21,86872.7579964504,11.1753342902538
609906,1,2008,6,6,191671.768174058,11.9175674832481
609906,1,2009,2,2,39844.8111978812,10.5869025062424
609906,1,2010,4,4,61915.9036817407,10.7770638597269
609906,1,2011,3,3,36629.3430766465,10.4224426766926
609906,1,2012,3,3,425965.87902431,12.0497932349473
609906,1,2013,9,9,57946.6805075931,10.8360227852348
609906,1,2014,5,4,82898.7104373932,11.1875303738137
609906,1,2015,11,10,100378.251884623,11.1231110888215
609906,1,2016,8,7,137845.667306329,11.4960864369818
609906,1,2017,8,7,96997.9970663533,11.2934576650964
609906,1,2018,14,12,156121.248587326,11.6579214625563
609917,0,2008,15,14,101681.282207797,11.2101286928427
609917,0,2009,17,17,74210.5804887319,10.8794840043522
609917,0,2010,17,16,70525.9471835539,10.8964461730304
609917,0,2011,19,19,80793.9186597072,10.9123919237046
609917,0,2012,15,13,52930.8482068231,10.58612422963
609917,0,2013,27,25,74370.1065045847,10.9382264552082
609917,0,2014,30,27,76465.5049652655,10.9469458348573
609917,0,2015,20,18,107466.873555247,11.3137408854315
609917,0,2016,18,15,103451.195675856,11.2590421706527
609917,0,2017,35,32,98469.608357679,11.1310407639039
609917,0,2018,29,29,105137.191679305,11.3078599162805
609928,0,2008,12,12,347729.086698237,12.6142083120081
609928,0,2009,7,7,224017.498098909,12.1342810505851
609928,0,2010,13,13,245478.033149452,12.0251996039152
609928,0,2011,9,8,58310.6408879227,10.9382863804674
609928,0,2012,12,12,280180.625244801,12.3438835476533
609928,0,2013,19,18,179928.972451617,11.8208125094802
609928,0,2014,14,14,255386.68078706,12.2071853923838
609928,0,2015,13,13,311068.916519004,12.4444536651254
609928,0,2016,18,17,331444.449041786,12.5088120302536
609928,0,2017,21,20,367530.644573687,12.6631640121076
609928,0,2018,16,14,353346.283868267,12.6333739217411
609932,1,2008,7,7,175271.502908257,12.0352584963223
609932,1,2009,6,5,111286.569543125,11.4529333116649
609932,1,2010,5,4,73500.7003597466,10.9561052617235
609932,1,2011,13,12,103587.940824933,11.2207669608043
609932,1,2012,6,6,32675.3769506621,10.3211025596467
609932,1,2013,6,6,80778.753426089,11.0247307184333
609932,1,2014,8,7,91307.0956614007,11.1803947703972
609932,1,2015,8,8,74743.5042616181,11.0168749987804
609932,1,2016,7,7,65672.0908086482,10.5576776284829
609932,1,2017,18,15,71734.6776996434,11.0204080783083
609932,1,2018,17,17,132085.405898341,11.6574412648651
609947,0,2008,8,8,300469.962620528,12.5248378866579
609947,0,2009,13,13,197195.449556443,11.9690571607556
609947,0,2010,13,13,146346.196907778,11.6599252166395
609947,0,2011,8,8,170965.417717498,11.8835571469357
609947,0,2012,21,21,201649.777521276,11.9413777391932
609947,0,2013,21,21,148363.229731749,11.6862573922157
609947,0,2014,17,16,191838.848929203,11.84215993617
609947,0,2015,18,18,251368.312764604,12.3264638931512
609947,0,2016,32,32,203220.816773825,12.0680873753776
609947,0,2017,20,20,207829.769230784,12.0065691793257
609947,0,2018,23,22,227555.537279919,12.0771286835483
609986,0,2008,28,26,129741.980495416,11.0352748973883
609986,0,2009,34,33,119266.651900095,10.9922970241067
609986,0,2010,27,27,54744.0398542754,10.1544254937664
609986,0,2011,17,17,75794.1341117874,10.7242769459728
609986,0,2012,17,17,25038.6892535746,10.0354632331757
609986,0,2013,20,18,44428.8055648117,10.4719922240313
609986,0,2014,25,25,33913.7002801018,10.2001142108347
609986,0,2015,11,11,76152.7045745589,10.6451343621714
609986,0,2016,24,24,50396.1870422812,10.6072662921089
609986,0,2017,21,21,75439.7099751815,11.0194606719442
609986,0,2018,27,27,58811.4327261935,10.7714531537977
609987,0,2008,17,17,337363.342060546,12.2886929426591
609987,0,2009,18,18,123842.726819306,10.8412004117125
609987,0,2010,12,12,216586.241957336,11.7064035907837
609987,0,2011,8,8,65275.7254675622,10.9038044113025
609987,0,2012,10,10,80749.0647102865,10.8236779251842
609987,0,2013,10,10,84690.4887952384,10.6938345654265
609987,0,2014,13,13,87460.7958876986,11.1505593551568
609987,0,2015,5,5,47092.710846547,10.6403961453163
609987,0,2016,14,13,92978.0906318988,11.219933168644
609987,0,2017,14,13,116901.83784662,11.3707504302608
609987,0,2018,20,20,240002.893710269,12.06447401613
609991,0,2008,1,1,91661.2416988812,11.4258549047626
609991,0,2009,3,2,37923.0534677301,10.4460902833874
609991,0,2010,2,2,38789.3746651,10.5618275942106
609991,0,2011,1,1,167669.592310558,12.0297506094299
609991,0,2012,8,7,54122.9597920822,10.6517659514612
609991,0,2013,3,3,83755.1652430001,11.1516110222333
609991,0,2014,6,6,75802.6374443969,11.1582936405155
609991,0,2015,3,3,62298.7150755567,10.9003267262745
609991,0,2016,3,3,100804.162131924,11.4858454965637
609991,0,2017,6,6,152304.677512609,11.7618841862014
609991,0,2018,6,5,172324.024186199,11.8398822814575
609997,0,2008,26,24,164653.25410905,11.6151495545567
609997,0,2009,30,29,157089.484793291,11.163734107326
609997,0,2010,16,16,113122.974040713,10.7994307006225
609997,0,2011,17,16,133091.780645306,11.1931750920012
609997,0,2012,11,11,78799.8131005173,10.7124540435047
609997,0,2013,20,20,90909.9309345612,10.9660901411835
609997,0,2014,9,9,83565.3383153154,10.8476368469796
609997,0,2015,12,12,52141.717353128,10.4512205799697
609997,0,2016,14,14,57407.3910345083,10.857823794007
609997,0,2017,20,19,70047.495375983,10.7752252178564
609997,0,2018,19,19,86200.9369141554,11.0214063174929
610012,0,2008,9,8,827866.206755727,13.6040404577154
610012,0,2009,5,5,674423.828869554,13.413221961988
610012,0,2010,7,7,655900.40695044,13.3879304429261
610012,0,2011,9,9,560910.941029025,13.2216417670223
610012,0,2012,12,12,578056.278744122,13.2610452418166
610012,0,2013,11,11,648619.784368805,13.3775792018747
610012,0,2014,11,11,724075.565338342,13.4868900334587
610012,0,2015,10,10,716089.979809555,13.472815106989
610012,0,2016,6,6,737927.747632653,13.5061394775583
610012,0,2017,11,11,939754.479557991,13.7450528031974
610012,0,2018,7,7,854174.662625707,13.6466787546933
610013,0,2008,3,3,247014.444659135,12.1342357276168
610013,0,2009,5,5,299573.762877554,12.442697343793
610013,0,2010,4,4,264784.301442764,12.0749760984191
610013,0,2011,2,2,209926.343783125,12.2060268678852
610013,0,2012,8,7,196793.144620897,11.9717969638766
610013,0,2013,8,8,254087.224621226,12.2086607717372
610013,0,2014,10,10,242396.833357163,12.2825157466955
610013,0,2015,4,4,163251.478196862,11.9473463295775
610013,0,2016,18,18,445014.010268386,12.8542886238177
610013,0,2017,14,13,518973.626607842,12.9290908922072
610013,0,2018,12,12,657631.179459959,13.0756094999155
610015,0,2008,5,5,394144.203479536,12.7911112697495
610015,0,2009,8,7,243758.406206432,12.3046142147768
610015,0,2010,9,7,272024.61193957,12.2853879083105
610015,0,2011,11,11,154499.022565892,11.7421130303667
610015,0,2012,13,12,184776.043393718,11.9293675800548
610015,0,2013,20,20,195982.548096496,12.1011838428449
610015,0,2014,15,14,402621.278960401,12.7947275419537
610015,0,2015,10,10,304362.228325592,12.5653343452782
610015,0,2016,6,6,437220.26437532,12.8147967055975
610015,0,2017,13,12,524103.738178976,13.0671093853015
610015,0,2018,18,17,537768.067969636,13.0981528930609
610020,1,2008,2,2,126151.26567812,11.4653763401455
610020,1,2009,11,10,101530.634255224,11.1748852443731
610020,1,2010,11,11,99870.6931867543,11.2398681900508
610020,1,2011,7,7,95989.1683116373,10.8962811944547
610020,1,2012,5,5,83498.2221533948,11.0100492451005
610020,1,2013,4,4,63967.2117707365,10.7895360609675
610020,1,2014,5,5,124208.868816218,11.4237043678711
610020,1,2015,6,6,133286.327667184,11.7213602080828
610020,1,2016,12,12,174260.501709529,11.8465489004043
610020,1,2017,15,15,181624.836797339,11.9006573594167
610020,1,2018,9,8,156201.997485888,11.7419043655449
610023,1,2008,8,8,254274.7132751,12.3649239063307
610023,1,2009,17,17,322784.594140948,12.5563051325601
610023,1,2010,7,7,123095.534891282,11.5698173996601
610023,1,2011,9,9,225076.084142827,12.017541554135
610023,1,2012,19,18,216697.395359218,12.0190418317276
610023,1,2013,21,21,214722.922572846,11.8980862925768
610023,1,2014,15,15,246434.102544189,12.2161492981821
610023,1,2015,23,23,369422.669681115,12.6830534887926
610023,1,2016,24,23,414338.906080329,12.8075321463723
610023,1,2017,22,22,429363.527575809,12.8514625025793
610023,1,2018,15,15,426703.028326118,12.814634641691
610028,1,2008,23,22,64428.6443979218,10.7339072233395
610028,1,2009,11,11,81662.4213606523,10.8271399675124
610028,1,2010,7,7,94742.0923407352,11.1550273100384
610028,1,2011,4,4,30573.8866799671,10.097132386582
610028,1,2012,4,4,21530.5093122878,9.93454147080735
610028,1,2013,6,6,37651.6839670147,10.3694648003263
610028,1,2014,6,6,35518.2262746078,10.3363029656992
610028,1,2015,5,5,45824.3386808205,10.3619781021935
610028,1,2016,10,9,38195.0533106988,10.3196100003169
610028,1,2017,10,9,44118.6329447183,10.4121341934574
610028,1,2018,17,16,69132.7048374425,10.8336177605251
610029,0,2008,10,10,965596.062921812,13.588599707647
610029,0,2009,9,8,677040.687937592,13.3391560382947
610029,0,2010,5,5,506253.76333662,13.0873223726491
610029,0,2011,8,7,605330.977609094,13.1681408103819
610029,0,2012,9,9,719220.495335703,13.3642232886564
610029,0,2013,22,20,666279.978913043,13.3304539193145
610029,0,2014,11,11,691749.938011705,13.354646876362
610029,0,2015,10,10,736587.765495047,13.4615567285129
610029,0,2016,14,14,811584.85903601,13.5136757808326
610029,0,2017,11,10,812939.663520311,13.5252476563646
610029,0,2018,12,12,1021973.46252186,13.7354001189454
610030,0,2008,13,13,644847.282904539,13.3054334181285
610030,0,2009,18,18,525844.266553312,13.0867937868076
610030,0,2010,7,7,538019.456569831,13.1425280319751
610030,0,2011,12,12,690030.299466184,13.2462518286801
610030,0,2012,18,18,541645.138618815,13.1286089693681
610030,0,2013,19,19,546262.654477158,13.0730787144926
610030,0,2014,12,12,567950.730186642,13.0090868050562
610030,0,2015,18,18,605122.074889088,13.2243732750374
610030,0,2016,13,13,563771.889461775,13.1970271855085
610030,0,2017,14,14,587077.081245233,13.2129589171954
610030,0,2018,26,25,586874.973829724,13.2009983106679
610031,1,2008,26,22,460678.059516582,12.9080169027435
610031,1,2009,14,14,348499.202574591,12.6601048357378
610031,1,2010,24,24,302478.697802665,12.4146338798522
610031,1,2011,15,12,257736.435555924,12.1818029804895
610031,1,2012,17,14,370033.947518461,12.6767514537941
610031,1,2013,17,17,364758.722738318,12.6498613103791
610031,1,2014,27,26,553433.397262189,13.1200680871332
610031,1,2015,16,15,512004.694330898,13.040489691649
610031,1,2016,33,31,557245.921126234,13.0990629959593
610031,1,2017,19,18,642372.740930749,13.3051975697017
610031,1,2018,25,23,641266.898476843,13.3094622000641
610032,0,2008,16,14,168476.036993129,11.908391770001
610032,0,2009,14,12,120427.034018569,11.4298416234303
610032,0,2010,16,15,93162.9191794564,11.1369744764565
610032,0,2011,14,12,118996.855669507,11.1346026531288
610032,0,2012,15,15,77554.4787035836,11.0976199438775
610032,0,2013,23,22,106892.109691995,11.2711338597059
610032,0,2014,14,14,101503.76721325,11.2249907686962
610032,0,2015,16,16,112999.925262086,11.4096446374105
610032,0,2016,14,13,101014.536236776,11.3444173292146
610032,0,2017,19,19,97464.3085569597,11.2299611470521
610032,0,2018,28,24,148938.400414197,11.7571026450988
610034,0,2008,11,9,249514.89275408,12.2603276651234
610034,0,2009,19,16,143705.040466111,11.3167183009535
610034,0,2010,13,13,47882.8865017405,10.4943289348506
610034,0,2011,10,10,86747.1620413913,11.0616230919687
610034,0,2012,9,9,64165.3487151688,10.866250512365
610034,0,2013,15,14,79702.9363022939,11.0771776171658
610034,0,2014,14,13,121256.45995469,11.4728653241903
610034,0,2015,7,7,94603.0931776396,11.2653822905569
610034,0,2016,15,15,181800.532518448,11.6947305880294
610034,0,2017,19,18,161996.122144589,11.7399801086226
610034,0,2018,19,17,119397.97305913,11.5138066320496
610037,0,2008,20,18,152604.774460344,11.3621681143454
610037,0,2009,27,24,102206.2247022,10.7864725064753
610037,0,2010,22,22,70078.6325128098,10.4728296009048
610037,0,2011,16,15,139893.768938738,11.1278186279168
610037,0,2012,14,14,94001.574642346,10.8317801668166
610037,0,2013,13,12,76011.6164717442,10.6773480153824
610037,0,2014,18,15,67263.5328804712,10.8188071011489
610037,0,2015,8,8,142385.807621582,11.4900221101871
610037,0,2016,15,14,62585.243478199,10.8046455438902
610037,0,2017,19,18,57340.6693409716,10.7100020663653
610037,0,2018,9,9,97925.3811160561,11.3195582527468
610047,0,2008,15,15,77962.9579482642,10.8470714701994
610047,0,2009,15,15,57709.0302197578,10.5787261965477
610047,0,2010,20,18,86109.4273892901,10.8819503495069
610047,0,2011,12,12,48591.4319817374,10.5850069457442
610047,0,2012,13,11,109611.277047155,11.2632680954222
610047,0,2013,24,23,52381.158835478,10.6275460294093
610047,0,2014,14,14,87393.0888773436,11.0549525310557
610047,0,2015,18,18,111796.350584425,11.2273435777932
610047,0,2016,23,21,103523.61495985,11.1779305004382
610047,0,2017,17,17,116887.700698814,11.3063668998965
610047,0,2018,28,24,102589.009782256,11.2925546142124
610062,0,2008,19,19,558801.388622655,13.1769438541635
610062,0,2009,18,17,371878.331871605,12.7252316578271
610062,0,2010,20,20,447118.68823399,12.9452175277466
610062,0,2011,18,18,307022.580004589,12.5546212516626
610062,0,2012,18,18,342280.584786825,12.6203735966541
610062,0,2013,25,25,315605.083053046,12.5112784104734
610062,0,2014,22,20,358188.600227773,12.6566500355014
610062,0,2015,25,24,419497.344190873,12.8057528298611
610062,0,2016,26,26,402924.467351406,12.8534226147057
610062,0,2017,32,32,446050.169810424,12.9590325218109
610062,0,2018,30,30,508429.200142153,13.0570577209095
610065,0,2008,28,28,172128.793074513,11.6701935350695
610065,0,2009,49,48,65351.7620235662,10.679524161963
610065,0,2010,39,37,88672.4585029224,10.9138990136191
610065,0,2011,25,25,96188.0803809231,10.9173159076247
610065,0,2012,21,21,38179.4136317007,10.4447448810436
610065,0,2013,31,30,74816.6693335278,10.8278293881624
610065,0,2014,29,27,82394.1616104088,10.9084922712031
610065,0,2015,34,34,122214.148021315,11.3057749287117
610065,0,2016,42,40,133713.644718419,11.2979303806615
610065,0,2017,44,43,143328.460871107,11.5292602830524
610065,0,2018,47,45,143755.964989144,11.6091489892738
610072,1,2008,2,2,66519.5348134599,11.1046788376189
610072,1,2009,5,5,206095.438215093,11.4745910606134
610072,1,2011,2,2,97248.1164813151,10.813668891644
610072,1,2012,4,4,133322.695204795,11.5639816245593
610072,1,2013,3,3,209996.695404449,12.2499186323833
610072,1,2015,1,1,114011.973441301,11.6440587520482
610072,1,2016,7,5,82271.4528287241,10.9133060054199
610072,1,2017,2,2,61245.9680871266,10.7844609482047
610072,1,2018,4,4,53584.6562047703,10.7846105682947
610085,1,2008,10,8,539326.601867094,13.0949392870049
610085,1,2009,6,6,483243.248140897,12.9837782721853
610085,1,2010,5,5,510206.719719444,13.1028694801336
610085,1,2011,5,5,533776.8510743,13.0114775698723
610085,1,2012,7,7,410857.954658111,12.82000836421
610085,1,2013,10,9,522434.008833311,13.0064828573877
610085,1,2014,4,4,533753.152646496,13.1013521549737
610085,1,2015,11,11,549994.8523643,13.1620079955782
610085,1,2016,17,16,807330.705831646,13.5130779317388
610085,1,2017,8,8,880900.674566784,13.6019083799168
610085,1,2018,11,11,778693.327894701,13.4743045252551
610106,0,2008,27,26,129044.470772528,11.4193616337368
610106,0,2009,43,41,61644.2212302273,10.7797964344714
610106,0,2010,40,36,87155.7402626908,11.1031125017073
610106,0,2011,33,33,64068.6527990982,10.8456324456536
610106,0,2012,27,26,86434.3762359941,11.1375322967891
610106,0,2013,36,35,66774.1122878901,10.9579049467985
610106,0,2014,39,39,102718.172139654,11.3876062302726
610106,0,2015,33,33,112555.214945124,11.3906145342642
610106,0,2016,39,37,133717.951223757,11.6283685023322
610106,0,2017,44,41,156331.911354112,11.7974349124093
610106,0,2018,39,37,183618.00288268,11.9684174885255
610114,1,2008,4,4,236161.625496422,11.8069144053696
610114,1,2009,6,6,91872.306428051,10.469047112572
610114,1,2010,4,3,124066.883050745,11.1819700748283
610114,1,2011,5,5,152148.306987868,11.3859251576465
610114,1,2012,1,1,16019.0277740213,9.6815325305174
610114,1,2013,2,2,19848.385986444,9.89317305928171
610114,1,2014,3,3,67454.2690870574,10.8739691160472
610114,1,2015,1,1,31090.3681831438,10.3446533454769
610114,1,2016,2,2,157337.058221326,11.8154732372153
610114,1,2017,4,4,47333.0324762161,10.2994151812493
610114,1,2018,4,4,75522.4589037778,10.7539686608512
610116,0,2008,6,6,356267.824172716,12.27058309574
610116,0,2009,13,13,249567.394016838,11.9269515759001
610116,0,2010,10,9,294051.104601098,12.0594925885769
610116,0,2011,8,8,366285.325715597,12.419545423768
610116,0,2012,15,15,156754.170407451,11.7440362231435
610116,0,2013,18,17,197572.262150977,11.753435058857
610116,0,2014,18,17,269436.547199568,12.294947183191
610116,0,2015,11,11,217145.596197323,11.8615565353596
610116,0,2016,15,14,227123.647197642,12.0066829031128
610116,0,2017,14,13,307571.523892232,12.3735955712581
610116,0,2018,18,18,497150.825918674,12.8888740165614
610119,1,2008,19,16,600253.439274381,13.2699788270009
610119,1,2009,6,6,585156.604765515,13.2024736979581
610119,1,2010,13,12,427360.368316887,12.8559845556996
610119,1,2011,7,7,429186.227820498,12.9261261534261
610119,1,2012,31,27,520768.185364675,13.0452311970417
610119,1,2013,13,13,561802.341738393,13.1332389219457
610119,1,2014,12,12,623436.16178343,13.2936998773752
610119,1,2015,15,13,725158.417845514,13.4676263537994
610119,1,2016,28,27,728787.277988184,13.4266250603635
610119,1,2017,20,20,930058.766167433,13.6533959699819
610119,1,2018,8,8,1011698.89671463,13.7679751146511
610123,0,2008,14,13,193997.269547633,11.8348855437633
610123,0,2009,28,24,75740.9473216057,10.8637555181656
610123,0,2010,16,16,87166.2674269154,10.9281433996296
610123,0,2011,11,11,86509.5995153583,11.022085643966
610123,0,2012,14,14,63369.6000353945,10.7854007535534
610123,0,2013,21,19,57637.8109074433,10.7343897162258
610123,0,2014,18,18,88839.7597061793,11.1351676320454
610123,0,2015,19,19,136577.636444316,11.5317835929296
610123,0,2016,14,14,84436.0754919936,11.0973734471392
610123,0,2017,26,25,139728.302034692,11.5924005680796
610123,0,2018,21,20,156010.430191054,11.7231974508175
610134,1,2008,10,9,434181.886786417,12.8309728340933
610134,1,2009,13,13,67535.2453817341,10.9016419350352
610134,1,2010,8,7,93379.7899499129,11.3133084014699
610134,1,2011,7,7,118860.705027059,11.4838455664771
610134,1,2012,9,9,96578.0656485821,11.3051282622043
610134,1,2013,7,7,79137.0801697185,11.0268203612647
610134,1,2014,9,9,137380.727159932,11.4889795981717
610134,1,2015,10,9,87532.0661790044,11.0357150127935
610134,1,2016,23,22,125554.083727622,11.4511982956776
610134,1,2017,12,11,90902.7366292904,11.2993544465741
610134,1,2018,12,12,156618.486765786,11.7938296769358
610139,0,2008,12,12,134090.040401576,11.6721332726712
610139,0,2009,15,15,114364.70356341,11.3797278927968
610139,0,2010,10,10,145668.15479147,11.7324866647405
610139,0,2011,19,19,95541.4500823465,11.1847909186956
610139,0,2012,15,15,91098.1682935028,11.2527290367906
610139,0,2013,16,16,78024.5204300216,10.9866394006267
610139,0,2014,32,32,84082.1716428635,11.1989041488685
610139,0,2015,24,24,103370.548941112,11.3265242733154
610139,0,2016,21,21,96800.456359994,11.3097688113095
610139,0,2017,26,26,114994.716666982,11.5225725099135
610139,0,2018,30,30,130662.831327524,11.6347015260795
610143,0,2008,8,7,371526.195649065,12.3835125679137
610143,0,2009,5,4,189110.837105025,11.8078552771599
610143,0,2010,5,5,73845.1249936257,10.5475737075496
610143,0,2011,3,3,197964.507748784,11.2601117963498
610143,0,2012,7,6,287332.839877364,11.7463561465336
610143,0,2013,12,11,475757.638944559,12.341925841576
610143,0,2015,6,6,404433.209923545,11.920490845233
610143,0,2016,3,3,346717.593732202,12.3188551379624
610143,0,2017,6,6,190824.117403645,11.4255107532791
610143,0,2018,10,9,583893.368245651,12.1259784309284
610150,1,2008,8,7,202423.97922059,11.8155713808549
610150,1,2010,3,3,25026.0804263,10.1072644908505
610150,1,2011,1,1,190576.154400316,12.1578071542975
610150,1,2012,6,5,83792.1330103663,11.0679878315897
610150,1,2013,8,8,149444.531226109,11.7249115775079
610150,1,2014,5,5,133930.07189427,11.5233446702512
610150,1,2015,5,4,245621.920626279,12.2779075302584
610150,1,2016,1,1,15347.8546812471,9.63873098306864
610150,1,2017,3,3,259827.886451123,12.2102181496394
610150,1,2018,3,3,168855.808414025,11.7618015704868
610156,1,2008,4,4,338097.470198378,12.6474601669614
610156,1,2009,8,8,85328.6179492153,10.8551435895004
610156,1,2010,13,13,117155.457606596,11.2916437801461
610156,1,2011,6,6,104847.254165523,11.2308586045346
610156,1,2012,7,7,80377.8994739836,11.1114994170816
610156,1,2013,4,4,137343.656731536,11.7705129477742
610156,1,2014,6,6,95638.6846459525,11.2567014072658
610156,1,2015,5,5,75526.2491836215,11.0821086472939
610156,1,2016,22,22,95570.542873814,11.2462240754646
610156,1,2017,18,17,167931.081782899,11.8085644822755
610156,1,2018,28,25,138394.50808941,11.6630840748599
610160,1,2008,16,16,80602.6588797531,10.7739658167937
610160,1,2009,22,20,22737.569108714,9.96215330727975
610160,1,2010,8,7,52429.9228536555,10.5370275489636
610160,1,2011,7,7,18818.5882453008,9.80220048088322
610160,1,2012,5,5,72103.5102812324,10.6861911865608
610160,1,2013,4,3,22586.6115019753,9.96396947952022
610160,1,2014,12,9,48300.300870521,10.5858679714358
610160,1,2015,5,5,21998.2134905019,9.95093356056082
610160,1,2016,4,4,24441.2279756547,9.99946322171575
610160,1,2017,9,9,69144.4114994164,10.8841130731143
610160,1,2018,11,11,35437.6873032928,10.3062217904979
610161,1,2008,23,21,160213.575141458,11.4422634387512
610161,1,2009,30,28,86268.0395770089,10.6178747284405
610161,1,2010,12,12,62577.0771475346,10.5998172371949
610161,1,2011,21,20,140119.022184021,11.055190876285
610161,1,2012,13,12,94305.9582447206,10.7224162891208
610161,1,2013,16,16,103192.923675845,10.8540710756982
610161,1,2014,8,8,53386.2305979447,10.2638050609396
610161,1,2015,14,14,60233.2298425545,10.3852506229264
610161,1,2016,7,7,37268.5246032082,10.4234642943892
610161,1,2017,25,24,65872.9713401972,10.6486165329962
610161,1,2018,16,16,98654.9317272075,11.1368439992067
610172,0,2008,27,24,194003.287380072,11.6737762876396
610172,0,2009,25,22,104190.556917008,10.734209097509
610172,0,2010,18,17,80751.3963005867,10.6913098354149
610172,0,2011,14,14,119760.316098206,10.9000892254883
610172,0,2012,5,5,90207.7561094726,10.6985989659693
610172,0,2013,9,8,29585.9080691748,10.1207690927626
610172,0,2014,7,7,36469.4060102674,10.1747724777322
610172,0,2015,12,12,39145.6397082466,10.3941539392369
610172,0,2016,17,17,61694.0902136517,10.770668884097
610172,0,2017,13,13,60838.9962800085,10.7958684384462
610172,0,2018,21,21,72504.1834750366,10.9458677514076
610176,0,2008,11,11,82458.6212895301,10.9053662457406
610176,0,2009,16,15,61963.8921346089,10.6493216296654
610176,0,2010,11,11,73872.4383836635,10.8702146535588
610176,0,2011,9,9,44596.3030317366,10.5091286917772
610176,0,2012,6,6,53694.1291851748,10.8615619347954
610176,0,2013,16,13,66130.7469212555,10.6521492849308
610176,0,2014,10,10,76928.9173560881,11.0047778154239
610176,0,2015,9,9,56803.2395963289,10.6977625981896
610176,0,2016,14,12,74817.7916944576,10.9946710362954
610176,0,2017,14,14,81902.2990190273,11.0689284790191
610176,0,2018,13,13,114545.509348823,11.4082999594745
610180,0,2008,1,1,510985.643178173,13.1440967732494
610180,0,2013,1,1,291371.32984842,12.5823537802859
610180,0,2015,1,1,504868.208702535,13.1320527013319
610180,0,2018,1,1,520601.975290556,13.1627410657931
610187,1,2008,4,4,946165.928610684,13.6757725502145
610187,1,2009,3,3,529908.799855522,13.1481499437997
610187,1,2013,3,3,730112.531949565,13.4161064857655
610187,1,2014,2,2,661807.738039825,13.3784861119345
610187,1,2016,2,2,1176172.56478881,13.8159905724895
610187,1,2017,1,1,1404743.61280266,14.1553653621071
610187,1,2018,1,1,948237.593842891,13.7623603762522
610193,0,2008,6,6,78593.3636012528,11.2000358226107
610193,0,2009,8,8,63062.634594857,10.4186401084321
610193,0,2010,5,4,41890.2552046299,10.4404158022999
610193,0,2011,3,3,98072.4682670739,11.1914711815935
610193,0,2012,9,9,28208.4287877163,10.2159481716508
610193,0,2013,10,9,26256.1301534411,10.1206757022706
610193,0,2014,6,6,21413.0509167412,9.93274612722741
610193,0,2015,5,5,29642.6869772826,10.2285622928661
610193,0,2016,10,9,82597.6281600925,10.8789361233095
610193,0,2017,6,6,86130.4566720278,11.0962663603244
610193,0,2018,6,6,134049.665691987,11.605941900231
610205,1,2008,17,14,699639.632141754,13.419444925047
610205,1,2009,17,17,719098.365416538,13.4199267406289
610205,1,2010,21,19,573420.849606689,13.1777476721374
610205,1,2011,13,13,617871.170282113,13.2718065607562
610205,1,2012,21,20,580133.303466722,13.2151636283961
610205,1,2013,23,23,679818.698750517,13.3071115115553
610205,1,2014,20,20,700052.626791782,13.3677364554054
610205,1,2015,26,26,850869.614155313,13.551848475366
610205,1,2016,26,26,913030.595070818,13.6557516801622
610205,1,2017,26,26,927779.884789386,13.6708499073045
610205,1,2018,32,31,897194.201027697,13.6464868942453
610210,1,2008,18,18,403912.202911132,12.7712150966059
610210,1,2009,17,15,373606.851174759,12.6969043148065
610210,1,2010,19,17,217753.518886495,12.0866796256686
610210,1,2011,26,24,286052.20463674,12.3739018920884
610210,1,2012,17,17,254420.390194916,12.2347397469753
610210,1,2013,30,30,363340.486824108,12.6462997164755
610210,1,2014,23,23,558343.650007192,13.1395640911763
610210,1,2015,20,20,712654.183827849,13.3677688443798
610210,1,2016,21,21,620321.113772301,13.2678623647497
610210,1,2017,26,25,712276.798065871,13.4055939175971
610210,1,2018,20,20,658892.7071352,13.3196313781693
610218,0,2008,11,11,126426.599307074,11.5560804510659
610218,0,2009,18,16,138511.632455269,11.4204772782324
610218,0,2010,10,10,116188.465865823,11.3159177040504
610218,0,2011,12,12,128388.737997407,11.4628129602491
610218,0,2012,9,9,159819.473945761,11.5845718290613
610218,0,2013,15,14,78593.4614494535,11.1290071656328
610218,0,2014,13,12,78427.8656659079,10.9826005428394
610218,0,2015,14,14,116479.460213808,11.4803631298266
610218,0,2016,20,18,169512.15763136,11.9200533912469
610218,0,2017,21,18,136927.380313143,11.6152727368014
610218,0,2018,26,25,161530.905152399,11.8425454471818
610221,0,2008,12,11,156702.62970112,11.3307295363685
610221,0,2009,21,21,63769.7466075975,10.7237455453574
610221,0,2010,15,14,29159.4050894938,10.1448390429296
610221,0,2011,6,6,55684.5883290767,10.687421974622
610221,0,2012,10,10,44452.8394170767,10.5607814502387
610221,0,2013,10,9,88858.9665799223,11.1488326006205
610221,0,2014,7,7,68605.277083591,10.7847729730633
610221,0,2015,12,11,56221.9951765072,10.6675397427587
610221,0,2016,17,16,80126.4772298088,11.052581631772
610221,0,2017,14,14,132811.607193759,11.585805109447
610221,0,2018,11,11,90479.37546346,11.1494438860329
610224,1,2008,21,20,70231.3134207175,10.9213678357735
610224,1,2009,13,13,36078.5927007137,10.1327630723572
610224,1,2010,12,11,48876.0119416225,10.483873172445
610224,1,2011,7,7,47698.4364060081,10.3555132691226
610224,1,2012,5,5,45543.4719787602,10.2904060111808
610224,1,2013,17,17,43743.5712916454,10.3987482894904
610224,1,2014,13,12,53732.9815061349,10.6751462882721
610224,1,2015,7,7,73177.9092648305,10.8970157946416
610224,1,2016,6,5,86547.5546748251,11.1906576981733
610224,1,2017,20,19,76601.4370723407,10.8111756061721
610224,1,2018,26,22,55385.4139664909,10.7489769484309
610225,0,2008,15,13,100839.427414359,11.2870342484286
610225,0,2009,22,19,88558.9444327002,11.0590273714978
610225,0,2010,27,26,94298.7295297587,11.236250959788
610225,0,2011,22,21,84253.9288594466,11.0327629621862
610225,0,2012,22,22,77877.0641000636,11.0867348920948
610225,0,2013,31,28,63295.2483881498,10.8479715223093
610225,0,2014,29,28,77184.7691001024,11.0294316043913
610225,0,2015,26,26,89104.9336820221,11.1548316691693
610225,0,2016,28,24,79896.2561571955,11.0783295493008
610225,0,2017,33,29,109393.052636595,11.4011751140849
610225,0,2018,37,32,100139.072223908,11.344821926633
610233,1,2008,11,11,215838.913657591,11.8915706903392
610233,1,2009,11,10,126242.946629327,11.2187901167629
610233,1,2010,9,9,147477.574700354,11.1760163548537
610233,1,2011,6,6,66793.2027004088,10.3729852653869
610233,1,2012,6,5,38700.1597680985,10.4210721594863
610233,1,2013,11,11,59841.9413087959,10.5350312968543
610233,1,2014,12,12,63773.377871559,10.711605204807
610233,1,2015,6,6,61854.4540206892,10.8320501415493
610233,1,2016,11,11,75121.9923520124,10.8681604280573
610233,1,2017,4,4,67406.6930925607,10.5746351057559
610233,1,2018,12,12,124630.121340193,10.9613822164001
610240,1,2008,6,6,178485.984509996,11.5688922350438
610240,1,2009,13,10,127746.396483977,11.3394362646452
610240,1,2010,6,5,29802.7978969586,10.2798351338702
610240,1,2011,8,8,53815.4589017956,10.589244273592
610240,1,2012,2,2,140168.241195036,11.8421185906581
610240,1,2013,7,6,72128.031543767,10.8190618946796
610240,1,2014,8,7,99307.3369071812,11.2699854869531
610240,1,2015,1,1,52890.9551974085,10.8759876239727
610240,1,2016,3,3,31755.6504749292,10.3179961378972
610240,1,2017,8,8,60883.668768956,10.9689299189946
610240,1,2018,12,12,125240.008067856,11.5085603515993
610241,1,2008,11,11,256257.581272795,11.9363209008854
610241,1,2009,6,6,72838.8245720419,10.9717474216851
610241,1,2010,8,7,58896.739110613,10.704135591446
610241,1,2011,7,7,83066.8542805124,10.9085012115991
610241,1,2012,6,6,66220.7038947236,10.7322287663352
610241,1,2013,7,5,72869.9402491797,10.8884217379676
610241,1,2014,6,6,48907.0805895785,10.5907840734136
610241,1,2015,3,3,82406.3326510978,10.9233429194709
610241,1,2016,16,16,74306.4479787228,10.8624723164378
610241,1,2017,11,11,123836.731113539,11.4660861085714
610241,1,2018,13,12,150585.869787686,11.7068244479844
610243,1,2008,11,11,212819.879295057,11.9669852554221
610243,1,2009,21,18,94799.6098897052,11.1151974938757
610243,1,2010,23,21,85557.4392797436,10.9039534735508
610243,1,2011,13,13,94607.6582362607,11.2773067857834
610243,1,2012,9,9,70613.1949022732,10.9985333219633
610243,1,2013,10,10,82664.5128760572,11.1223954176423
610243,1,2014,15,13,112115.197191142,11.2721496464431
610243,1,2015,15,15,179513.977954118,11.7044089348153
610243,1,2016,18,17,158152.372597065,11.8200366703501
610243,1,2017,17,15,234412.445692504,12.0976161142225
610243,1,2018,21,20,271692.767394399,12.4508025772884
610256,0,2008,11,11,486905.025929045,13.0261549807669
610256,0,2009,15,15,275374.380563591,12.3058731790169
610256,0,2010,13,13,283742.574231479,12.2815968997004
610256,0,2011,14,13,338081.620909688,12.491051310367
610256,0,2012,12,11,216441.566850153,11.977190416348
610256,0,2013,16,15,247844.3229193,12.1717647852197
610256,0,2014,10,10,306207.531972903,12.494784149711
610256,0,2015,21,21,432399.837419439,12.8475640455295
610256,0,2016,13,12,279986.17140101,12.3693018367811
610256,0,2017,16,15,385240.709147063,12.7185236111222
610256,0,2018,18,15,365307.077546806,12.6548265610426
610268,0,2008,7,7,101023.203282855,11.4058789663528
610268,0,2009,11,11,128285.447311419,11.4219450904414
610268,0,2010,12,12,112965.107570371,11.3776290427501
610268,0,2011,10,9,115920.143216199,11.3933825113414
610268,0,2012,10,9,89427.8641296862,11.080721574075
610268,0,2013,15,14,55613.1841228581,10.6398507911306
610268,0,2014,19,18,108758.218586552,11.2616604319008
610268,0,2015,7,7,104271.186684119,11.3434377785
610268,0,2016,17,17,107512.483508561,11.3921584421412
610268,0,2017,17,17,185876.443270072,11.9582818203834
610268,0,2018,12,12,155978.450494688,11.4453246313114
610273,1,2008,1,1,267451.280907063,12.4966927012808
610273,1,2009,4,4,65448.2064926609,11.0617181061512
610273,1,2010,10,9,63329.8637779152,10.8280577877511
610273,1,2011,5,5,273330.791776169,11.6086259478343
610273,1,2012,3,3,54944.8202756161,10.8562236517691
610273,1,2013,1,1,18210.7081155262,9.80976505804612
610273,1,2014,1,1,154671.716292424,11.9490601904497
610273,1,2015,4,4,82935.2876513745,11.1673639054926
610273,1,2016,7,7,72105.7915034626,10.949771067469
610273,1,2017,6,6,117291.967856525,11.4797073260377
610273,1,2018,1,1,292715.821859732,12.5869575260866
610277,1,2008,11,7,264993.563418593,12.42087526546
610277,1,2009,5,5,182316.989845225,11.7434708715113
610277,1,2010,8,8,155530.466347164,11.7827355211368
610277,1,2011,11,10,154422.970485271,11.7933020024579
610277,1,2012,5,5,182331.328843627,11.7315233359052
610277,1,2013,11,10,244797.266997537,12.2468944986777
610277,1,2014,8,8,259151.54888679,12.3203428899434
610277,1,2015,8,8,165074.808635149,11.8794641349515
610277,1,2016,7,7,431838.837178787,12.9363719516852
610277,1,2017,20,17,278288.570672222,12.4273449635206
610277,1,2018,6,5,341484.287376219,12.6971896880889
610280,1,2008,22,18,176908.688272632,11.9053501552823
610280,1,2009,12,11,127836.021596474,11.441660872498
610280,1,2010,10,10,83008.0911990214,10.9904473472049
610280,1,2011,21,17,111475.170064881,11.383193213931
610280,1,2012,20,20,106345.821344274,11.3101433990345
610280,1,2013,19,19,84750.8005390418,11.1603598533832
610280,1,2014,23,22,120838.034038773,11.4863189421782
610280,1,2015,17,16,105264.281540211,11.2873883529144
610280,1,2016,22,19,84585.6839638208,11.1595481407105
610280,1,2017,18,16,132320.020275864,11.6708819394894
610280,1,2018,30,24,137710.463183992,11.636556583786
610281,0,2008,5,5,194279.07618773,11.5319656722054
610281,0,2009,8,8,65910.7043294569,10.9352196356706
610281,0,2010,7,7,73894.0881281085,10.8855113525221
610281,0,2011,9,9,129833.693484999,11.5173712151921
610281,0,2012,3,3,261175.488530584,11.8378138595332
610281,0,2013,8,8,142080.511376868,11.3577088224832
610281,0,2014,6,6,79665.7091700869,11.0174801184854
610281,0,2015,7,7,136132.523818859,11.5042102974974
610281,0,2016,8,8,106529.594679434,11.2696626487806
610281,0,2017,11,11,186920.702834142,11.9096674307908
610281,0,2018,9,9,220904.679536863,11.9216469606062
610282,0,2008,14,13,163928.042656411,11.6529611594174
610282,0,2009,19,17,70257.2384766574,10.8631363060044
610282,0,2010,18,16,136203.84472562,11.2702481932744
610282,0,2011,10,10,65652.3018913456,10.9196637581985
610282,0,2012,13,13,36772.3347330532,10.472346222191
610282,0,2013,20,17,79919.5703508803,11.0924792783244
610282,0,2014,15,14,75418.6542266166,11.0773323249732
610282,0,2015,19,18,95425.2008117225,11.2640769865752
610282,0,2016,13,13,105924.728731437,11.3705773656164
610282,0,2017,10,9,204330.700287781,11.9812604973916
610282,0,2018,21,19,157904.434058722,11.8286019453748
610285,1,2008,14,13,108482.985017329,11.016456999276
610285,1,2009,13,13,175903.53934614,11.4043886959477
610285,1,2010,8,8,143333.54229042,10.9783141477135
610285,1,2011,3,3,175540.996959205,11.4856608415454
610285,1,2012,5,5,26165.5472922793,10.0868611779218
610285,1,2013,7,7,48911.9346917638,10.3667677259952
610285,1,2014,7,7,95188.1906913952,10.9547646319188
610285,1,2015,7,7,65176.6859211988,10.5491311249013
610285,1,2016,2,2,48923.2160392769,10.596612820225
610285,1,2017,7,7,51236.5086150109,10.6923257869392
610285,1,2018,7,7,58618.9907720288,10.47928041887
610299,0,2008,21,21,183626.65715805,11.642553937761
610299,0,2009,20,17,73629.0768248614,10.6990657371978
610299,0,2010,18,17,124452.696755767,11.1775541558874
610299,0,2011,12,12,84963.2213556061,10.7831104895744
610299,0,2012,9,9,126813.877075026,11.1084734311536
610299,0,2013,7,6,82364.3075587273,10.7933175363605
610299,0,2014,5,5,43386.3143261792,10.5694051923713
610299,0,2015,11,11,106356.031542013,11.0140145479477
610299,0,2016,11,10,97664.2372649101,10.968596405019
610299,0,2017,17,16,85355.6981363063,10.9023312028059
610299,0,2018,21,20,116650.982297691,11.2614627511344
610339,0,2008,29,27,134847.596693003,11.372826177002
610339,0,2009,28,26,91606.8654911072,10.9609289348609
610339,0,2010,25,24,84855.8172731557,10.73560320015
610339,0,2011,19,18,69519.6544445649,10.497413594598
610339,0,2012,13,13,60903.7404056694,10.4850364843768
610339,0,2013,12,12,39452.5148161954,10.3318597092198
610339,0,2014,19,19,62120.4186851402,10.7066517130567
610339,0,2015,20,20,58333.0134792945,10.5535900219987
610339,0,2016,23,23,62705.8558443381,10.6553474178825
610339,0,2017,31,31,78634.6960586777,10.9913938899572
610339,0,2018,33,32,74060.6879991657,10.8699627198305
610345,0,2008,8,8,310918.568147036,12.5877084494049
610345,0,2009,3,3,188726.239955205,11.7935006109732
610345,0,2010,10,10,216107.525969336,12.0618911873273
610345,0,2011,1,1,37328.7685262736,10.5275195825157
610345,0,2012,7,7,204761.219474721,11.959470414914
610345,0,2013,4,4,238478.528454496,12.2503465338797
610345,0,2014,6,6,274687.128271375,12.310917197526
610345,0,2015,2,2,231088.452144797,12.3137330073019
610345,0,2016,7,7,370033.383492852,12.683139759376
610345,0,2017,9,8,431482.69988289,12.7896004278071
610345,0,2018,2,2,530240.493450439,13.1806606719781
610347,0,2008,25,22,115879.332239362,11.2045417894711
610347,0,2009,26,23,78803.0737137002,10.7254397756095
610347,0,2010,11,9,104988.30314588,11.1295647278043
610347,0,2011,12,11,60298.2364094874,10.7227111245949
610347,0,2012,14,14,33281.082446331,10.2064559300337
610347,0,2013,8,8,59943.7013016485,10.796476044057
610347,0,2014,10,10,33055.1932716039,10.3340112006736
610347,0,2015,9,9,59710.4781385648,10.7747799838262
610347,0,2016,14,14,77867.5637714893,11.0465339212264
610347,0,2017,23,23,65900.7872150888,10.9459480682208
610347,0,2018,22,20,85429.341704384,11.1473020046752
610348,1,2008,2,1,261395.043494706,12.1690125661089
610348,1,2009,1,1,45984.9384867269,10.7360691976546
610348,1,2011,2,2,45251.5097160268,10.7199738559616
610348,1,2013,2,2,19171.1680996899,9.85093186044198
610348,1,2016,1,1,125637.497045357,11.7411560318158
610348,1,2017,1,1,17142.4293137363,9.74931191569873
610348,1,2018,2,2,159638.994163531,11.8923510465444
610365,1,2008,11,11,209057.28384689,11.8917534188996
610365,1,2009,7,7,100965.448012217,11.2319217534289
610365,1,2010,6,4,54615.5529725974,10.7672609414528
610365,1,2011,6,6,33272.0550484317,10.3510664145874
610365,1,2012,6,5,114808.751177231,11.4651389741077
610365,1,2013,5,5,52664.2647266279,10.6772326666577
610365,1,2014,7,6,69163.4172617507,10.9973527203735
610365,1,2015,5,5,68756.6266064779,10.9236826533544
610365,1,2016,5,5,126230.779393163,11.4422300489452
610365,1,2017,8,7,200723.90846683,11.8834940781664
610365,1,2018,10,10,189170.963318282,11.9863153943218
610521,0,2008,34,29,149842.026818816,11.4268627342775
610521,0,2009,17,17,108781.801345465,10.8417731022394
610521,0,2010,20,20,95585.2033842917,10.6646167727025
610521,0,2011,9,9,102490.81040214,10.7831038007507
610521,0,2012,9,9,39864.2815424802,10.2460591638937
610521,0,2013,13,11,73631.6885871743,10.6298585674205
610521,0,2014,10,10,81878.7583484489,10.4740430216727
610521,0,2015,6,6,22188.0801102859,9.94956095197815
610521,0,2016,14,14,32713.6772934724,10.224935872107
610521,0,2017,9,9,40605.3702449392,10.4833816379233
610521,0,2018,20,20,54173.7523646329,10.6842297750358
