term,estimate,std_error,t_statistic,p_value,conf_low,conf_high,model,initial_price_adjusted,component,sale_year
treated_post,62879.6827881425,31653.5996431498,1.98649390581239,0.0505837096740088,-163.924617777171,125923.290194062,did_dollars,0,treatment,
sale_year::2008:initial_price_100k,19440.9183596348,5855.16292107965,3.32030357168098,0.00138334342086411,7779.35074471343,31102.4859745562,did_dollars,1,initial_price_year,2008
sale_year::2009:initial_price_100k,2763.29151539079,5370.31542509824,0.514549201798559,0.608361220553794,-7932.61862192962,13459.2016527112,did_dollars,1,initial_price_year,2009
sale_year::2010:initial_price_100k,-9016.8858069506,6175.01113152027,-1.46022178987241,0.148350774592039,-21315.4863418504,3281.71472794922,did_dollars,1,initial_price_year,2010
sale_year::2011:initial_price_100k,-4140.86846000016,6225.98980100259,-0.665093999886307,0.508003690558522,-16541.001814584,8259.26489458372,did_dollars,1,initial_price_year,2011
sale_year::2014:initial_price_100k,21368.9037920168,7963.15798942374,2.68347103252226,0.00893776102825404,5508.90013820845,37228.9074458251,did_dollars,1,initial_price_year,2014
sale_year::2015:initial_price_100k,29882.8491528374,6967.38917268904,4.28895938093611,5.21738992851139e-05,16006.0909768578,43759.6073288169,did_dollars,1,initial_price_year,2015
sale_year::2016:initial_price_100k,39944.8578615153,8585.11911086872,4.65280182437367,1.35854338619228e-05,22846.1112778611,57043.6044451695,did_dollars,1,initial_price_year,2016
sale_year::2017:initial_price_100k,50110.0537815712,10042.9159415003,4.98959207400132,3.73299954232515e-06,30107.8531799213,70112.254383221,did_dollars,1,initial_price_year,2017
sale_year::2018:initial_price_100k,48726.6625528261,10267.6297657448,4.74565831302073,9.55471812635499e-06,28276.9055824198,69176.4195232323,did_dollars,1,initial_price_year,2018
treated_post,41559.4251815432,23856.3812869644,1.7420674444138,0.0855422008039842,-5954.67599294322,89073.5263560296,did_dollars,1,treatment,
treated_post,56982.5980971901,30071.2202581826,1.89492137691635,0.0619061817961997,-2909.4276296239,116874.623824004,did_hedonic_dollars,0,treatment,
sale_year::2008:initial_price_100k,11844.4280443404,6272.69060451916,1.88825319007558,0.0628083588058921,-648.718021455834,24337.5741101366,did_hedonic_dollars,1,initial_price_year,2008
sale_year::2009:initial_price_100k,1696.49051729283,3503.40452832981,0.48424054475422,0.629607726315744,-5281.14432228673,8674.12535687238,did_hedonic_dollars,1,initial_price_year,2009
sale_year::2010:initial_price_100k,-9684.89888208023,4762.76685364143,-2.03346062901978,0.0454972525214498,-19170.7711706014,-199.026593559111,did_hedonic_dollars,1,initial_price_year,2010
sale_year::2011:initial_price_100k,-8737.22763997418,4833.54676182411,-1.80762245003644,0.0746220993716688,-18364.0703329359,889.615052987558,did_hedonic_dollars,1,initial_price_year,2011
sale_year::2014:initial_price_100k,18746.1738152859,6542.3820444052,2.86534379803101,0.00538436079727537,5715.89069561297,31776.4569349588,did_hedonic_dollars,1,initial_price_year,2014
sale_year::2015:initial_price_100k,29120.6593824348,5496.51204227825,5.29802521279742,1.10501707949597e-06,18173.4068992471,40067.9118656224,did_hedonic_dollars,1,initial_price_year,2015
sale_year::2016:initial_price_100k,41901.7812534353,6559.28708486798,6.38816089481753,1.2176225797794e-08,28837.8288277078,54965.7336791629,did_hedonic_dollars,1,initial_price_year,2016
sale_year::2017:initial_price_100k,47123.7363243623,8799.02067255792,5.35556604285863,8.776170439191e-07,29598.9678591315,64648.5047895931,did_hedonic_dollars,1,initial_price_year,2017
sale_year::2018:initial_price_100k,41059.0719317369,10073.2647018672,4.07604417703093,0.000111637083466702,20996.4265353276,61121.7173281462,did_hedonic_dollars,1,initial_price_year,2018
treated_post,35022.6936820612,21821.8972434953,1.60493348911268,0.112656135639311,-8439.38134828872,78484.768712411,did_hedonic_dollars,1,treatment,
treated_post,0.0551801353319041,0.0850682639840842,0.648657122499032,0.518515266268241,-0.114247995995218,0.224608266659026,did_hedonic_log,0,treatment,
sale_year::2008:initial_price_100k,-0.127617146878059,0.020283565344605,-6.29165261185217,1.83379602970303e-08,-0.168015368400846,-0.087218925355271,did_hedonic_log,1,initial_price_year,2008
sale_year::2009:initial_price_100k,-0.0174109694221065,0.0177254153891005,-0.982260163720204,0.329088365182699,-0.052714193747152,0.017892254902939,did_hedonic_log,1,initial_price_year,2009
sale_year::2010:initial_price_100k,-0.0424231402066495,0.0173506309808997,-2.44504884308534,0.0167986929807075,-0.0769799166913595,-0.00786636372193948,did_hedonic_log,1,initial_price_year,2010
sale_year::2011:initial_price_100k,-0.0590303026240376,0.0209793220544146,-2.81373737773458,0.00623069635932184,-0.100814243728729,-0.0172463615193459,did_hedonic_log,1,initial_price_year,2011
sale_year::2014:initial_price_100k,-0.000532965464754363,0.0192701132603757,-0.0276576197323281,0.978007722357324,-0.038912722230195,0.0378467913006863,did_hedonic_log,1,initial_price_year,2014
sale_year::2015:initial_price_100k,0.00311355973309968,0.018323879564074,0.169918150914076,0.865526005645285,-0.033381609297094,0.0396087287632934,did_hedonic_log,1,initial_price_year,2015
sale_year::2016:initial_price_100k,0.0125370656234027,0.0189084854842054,0.663039122507996,0.509311544461792,-0.0251224470053529,0.0501965782521584,did_hedonic_log,1,initial_price_year,2016
sale_year::2017:initial_price_100k,-0.020870553244985,0.0215233255631907,-0.969671400625839,0.335286208017779,-0.0637379712376568,0.0219968647476867,did_hedonic_log,1,initial_price_year,2017
sale_year::2018:initial_price_100k,-0.0616713385028204,0.0199785819200135,-3.08687266942813,0.00282248656963836,-0.101462132892453,-0.0218805441131875,did_hedonic_log,1,initial_price_year,2018
treated_post,0.0319772513612387,0.0802031533152895,0.398703168633928,0.691229935930336,-0.127761172303955,0.191715675026432,did_hedonic_log,1,treatment,
treated_post,0.0743857527888562,0.0884764361480418,0.84074083481834,0.403130529689189,-0.101830341686174,0.250601847263886,did_log,0,treatment,
sale_year::2008:initial_price_100k,-0.0912432140724407,0.0196745425368775,-4.63762823971213,1.43851293162784e-05,-0.130428461550429,-0.0520579665944529,did_log,1,initial_price_year,2008
sale_year::2009:initial_price_100k,-0.0143530604238356,0.0196352266781344,-0.730985216474177,0.467035883917481,-0.0534600035828401,0.0247538827351689,did_log,1,initial_price_year,2009
sale_year::2010:initial_price_100k,-0.0431960695648437,0.0203197858798676,-2.12581322560301,0.0367668426311359,-0.0836664305356204,-0.00272570859406709,did_log,1,initial_price_year,2010
sale_year::2011:initial_price_100k,-0.0441704359607201,0.0213098174641362,-2.07277401765912,0.0415838083365385,-0.0866126157205677,-0.00172825620087247,did_log,1,initial_price_year,2011
sale_year::2014:initial_price_100k,0.0101434538393171,0.0202641765053839,0.500560870885729,0.618126727831329,-0.0302161514634609,0.0505030591420951,did_log,1,initial_price_year,2014
sale_year::2015:initial_price_100k,0.0045960158755777,0.0192390314030129,0.238890190431206,0.811833743869339,-0.0337218360058967,0.0429138677570521,did_log,1,initial_price_year,2015
sale_year::2016:initial_price_100k,0.00562791733713734,0.0195515371518171,0.28785037684949,0.774244774838528,-0.0333123436845868,0.0445681783588615,did_log,1,initial_price_year,2016
sale_year::2017:initial_price_100k,-0.0137665586434884,0.0208236739050502,-0.661101336212804,0.510546519836749,-0.0552404995923491,0.0277073823053724,did_log,1,initial_price_year,2017
sale_year::2018:initial_price_100k,-0.0407384115620728,0.0211857137644399,-1.92291900169311,0.0582367073117058,-0.0829334173824798,0.00145659425833414,did_log,1,initial_price_year,2018
treated_post,0.0547301178306705,0.0857342182490132,0.638369590910692,0.525152131146687,-0.116024376365187,0.225484612026528,did_log,1,treatment,
sale_year::2008:treated,8069.61109180455,17426.6225920384,0.463062251402131,0.644643017271395,-26638.5158033733,42777.7379869823,event_dollars,0,treatment,2008
sale_year::2009:treated,24598.8588562536,18075.1739122984,1.36091962243951,0.177561079452419,-11400.9699394349,60598.6876519421,event_dollars,0,treatment,2009
sale_year::2010:treated,-31917.2939907669,15273.1807750474,-2.08976076829469,0.0399849168887451,-62336.4698025804,-1498.11817895345,event_dollars,0,treatment,2010
sale_year::2011:treated,1704.9603418936,17838.2795544006,0.0955787432691623,0.924106720425426,-33823.0524497904,37232.9731335776,event_dollars,0,treatment,2011
sale_year::2013:treated,19664.2256857037,14715.0979038437,1.33632992550918,0.185428731935941,-9643.43175762138,48971.8831290287,event_dollars,0,treatment,2013
sale_year::2014:treated,45809.214070239,27018.1429265155,1.69549825074328,0.0940743543494621,-8002.08115996675,99620.5093004447,event_dollars,0,treatment,2014
sale_year::2015:treated,60385.5958975559,37553.5359096975,1.60798695608214,0.111984763472165,-14408.7529690959,135179.944764208,event_dollars,0,treatment,2015
sale_year::2016:treated,75987.2823115912,35554.0081671405,2.13723532813438,0.0357953575487925,5175.33808201469,146799.226541168,event_dollars,0,treatment,2016
sale_year::2017:treated,80863.369788267,42053.6087164323,1.92286398852306,0.0582437328261888,-2893.65082896533,164620.390405499,event_dollars,0,treatment,2017
sale_year::2018:treated,52256.7882171959,36700.6218786315,1.42386655980949,0.158577913935591,-20838.8351354002,125352.411569792,event_dollars,0,treatment,2018
sale_year::2008:initial_price_100k,20149.4081126276,5832.46087873352,3.45470094554717,0.000904327958061206,8533.05553362996,31765.7606916251,event_dollars,1,initial_price_year,2008
sale_year::2008:treated,-9592.07101755964,17801.7993725071,-0.538825925224927,0.591581843920366,-45047.4272301715,25863.2851950522,event_dollars,1,treatment,2008
sale_year::2009:initial_price_100k,2348.92552621307,5054.3135313436,0.464736805828635,0.643448666016168,-7717.61229472037,12415.4633471465,event_dollars,1,initial_price_year,2009
sale_year::2009:treated,13997.0321409915,16220.9900233949,0.862896291829546,0.39090935113122,-18309.8693899235,46303.9336719065,event_dollars,1,treatment,2009
sale_year::2010:initial_price_100k,-6718.62228257729,6509.4292959899,-1.03213691662897,0.305281367032059,-19683.2743158189,6246.02975066434,event_dollars,1,initial_price_year,2010
sale_year::2010:treated,-30860.279192398,16183.603459482,-1.9068855258139,0.0603148953471937,-63092.7189279988,1372.16054320288,event_dollars,1,treatment,2010
sale_year::2011:initial_price_100k,-3563.12145224398,6230.51518741756,-0.571882315516966,0.569089367065317,-15972.2678949986,8846.02499051067,event_dollars,1,initial_price_year,2011
sale_year::2011:treated,-7465.55024545904,16960.9306578049,-0.440161592313545,0.661069379075233,-41246.1712706916,26315.0707797735,event_dollars,1,treatment,2011
sale_year::2013:initial_price_100k,9294.05425024512,4228.55515994732,2.19792669096006,0.0309992442134951,872.156759806425,17715.9517406838,event_dollars,1,initial_price_year,2013
sale_year::2013:treated,7613.40353564715,13415.8902731296,0.567491488127021,0.572052892879893,-19106.6576553434,34333.4647266377,event_dollars,1,treatment,2013
sale_year::2014:initial_price_100k,22353.8380023649,8230.58014360111,2.71594925416575,0.00817739904130236,5961.21696886928,38746.4590358604,event_dollars,1,initial_price_year,2014
sale_year::2014:treated,26842.9155877893,25351.5755404625,1.05882632599881,0.293032582767833,-23649.1230274874,77334.954203066,event_dollars,1,treatment,2014
sale_year::2015:initial_price_100k,30218.4987282537,7015.08767222664,4.3076437729911,4.87571168010946e-05,16246.740757224,44190.2566992834,event_dollars,1,initial_price_year,2015
sale_year::2015:treated,36136.6190254571,31181.4715914272,1.15891320008746,0.250120024569856,-25966.6638716017,98239.9019225159,event_dollars,1,treatment,2015
sale_year::2016:initial_price_100k,40015.122060683,8670.66427077522,4.61500074400936,1.56633123494287e-05,22745.9975251554,57284.2465962106,event_dollars,1,initial_price_year,2016
sale_year::2016:treated,41895.6147097603,26799.1161996934,1.56332076019132,0.122131840172183,-11479.4509878536,95270.6804073741,event_dollars,1,treatment,2016
sale_year::2017:initial_price_100k,50111.8301566458,10219.9606580607,4.90332906684151,5.21742707354526e-06,29757.0144423402,70466.6458709514,event_dollars,1,initial_price_year,2017
sale_year::2017:treated,47484.3047438796,30194.7972785286,1.57259889198347,0.119965842489567,-12653.8459495391,107622.455437298,event_dollars,1,treatment,2017
sale_year::2018:initial_price_100k,49570.2764700586,10800.521394709,4.58961883954438,1.7228557477255e-05,28059.1738383355,71081.3791017817,event_dollars,1,initial_price_year,2018
sale_year::2018:treated,22478.6094605444,27251.7639944694,0.824849703861607,0.412038389450515,-31797.9824517408,76755.2013728297,event_dollars,1,treatment,2018
sale_year::2008:treated,12302.9608524459,17523.0309738734,0.702102328688994,0.484760092329161,-22597.1799761729,47203.1016810647,event_hedonic_dollars,0,treatment,2008
sale_year::2009:treated,16727.1556849415,17739.9862819966,0.942906912048574,0.348716295874412,-18605.0890883833,52059.4004582663,event_hedonic_dollars,0,treatment,2009
sale_year::2010:treated,-17663.8867181391,15227.381383237,-1.16000816381892,0.249676687671461,-47991.8451357452,12664.0716994671,event_hedonic_dollars,0,treatment,2010
sale_year::2011:treated,11773.5065652002,16429.7909390207,0.716595032091257,0.475820389880853,-20949.2580302354,44496.2711606358,event_hedonic_dollars,0,treatment,2011
sale_year::2013:treated,19834.4687239364,17645.701825962,1.12403966243803,0.264534056730995,-15309.992280789,54978.9297286618,event_hedonic_dollars,0,treatment,2013
sale_year::2014:treated,32966.4442452886,26725.7063826208,1.2335106796925,0.221186643241147,-20262.4131303827,86195.30162096,event_hedonic_dollars,0,treatment,2014
sale_year::2015:treated,47529.1982589045,34772.8101912085,1.36684950101965,0.175702257050328,-21726.8553592984,116785.251877107,event_hedonic_dollars,0,treatment,2015
sale_year::2016:treated,77474.3487384359,34638.306055506,2.23666678775479,0.0282406652181535,8486.18332319568,146462.514153676,event_hedonic_dollars,0,treatment,2016
sale_year::2017:treated,82478.0813775459,40074.4250815156,2.05812263581516,0.0430069296295311,2662.94659543413,162293.216159658,event_hedonic_dollars,0,treatment,2017
sale_year::2018:treated,57561.1379216166,33866.169699065,1.69966484055047,0.0932836530678431,-9889.18466158927,125011.460504822,event_hedonic_dollars,0,treatment,2018
sale_year::2008:initial_price_100k,12051.3390614425,6461.69954206383,1.86504169421554,0.0660356753715462,-818.250928239491,24920.9290511245,event_hedonic_dollars,1,initial_price_year,2008
sale_year::2008:treated,98.3355084855575,18563.2159092513,0.00529733150582763,0.9957872411815,-36873.5131648903,37070.1841818614,event_hedonic_dollars,1,treatment,2008
sale_year::2009:initial_price_100k,1856.99740442085,3497.08598690405,0.531012795045637,0.596958375464608,-5108.05296926813,8822.04777810983,event_hedonic_dollars,1,initial_price_year,2009
sale_year::2009:treated,7688.69056829781,16326.3990911838,0.470936091011622,0.639035307593737,-24828.1513157405,40205.5324523362,event_hedonic_dollars,1,treatment,2009
sale_year::2010:initial_price_100k,-8522.33799467798,5215.12886710647,-1.63415674125162,0.106361889365396,-18909.1673150611,1864.49132570518,event_hedonic_dollars,1,initial_price_year,2010
sale_year::2010:treated,-14969.8788476419,16125.1458002922,-0.928356185614812,0.356161956662622,-47085.8900646105,17146.1323693266,event_hedonic_dollars,1,treatment,2010
sale_year::2011:initial_price_100k,-9021.12107964026,4972.96922374782,-1.81403114995383,0.0736198003101831,-18925.6476711847,883.405511904162,event_hedonic_dollars,1,initial_price_year,2011
sale_year::2011:treated,5915.20946035392,15027.988912209,0.393612844333968,0.69496901289611,-24015.6244341365,35846.0433548443,event_hedonic_dollars,1,treatment,2011
sale_year::2013:initial_price_100k,11403.3041540392,4038.52484840053,2.82363104898451,0.00605953506515623,3359.88483011049,19446.7234779679,event_hedonic_dollars,1,initial_price_year,2013
sale_year::2013:treated,7687.5236374677,14989.3756369661,0.512864833309607,0.609533391864235,-22166.4052543527,37541.4525292881,event_hedonic_dollars,1,treatment,2013
sale_year::2014:initial_price_100k,20108.2121147979,6814.49221465639,2.95080124554985,0.0042122550273858,6535.97462222992,33680.4496073658,event_hedonic_dollars,1,initial_price_year,2014
sale_year::2014:treated,16130.109512569,23690.1951948919,0.680877020213281,0.498018581142604,-31053.0033742328,63313.2223993707,event_hedonic_dollars,1,treatment,2014
sale_year::2015:initial_price_100k,29778.9843615665,5551.92833002255,5.36371916051834,8.49360773462726e-07,18721.3607759504,40836.6079471827,event_hedonic_dollars,1,initial_price_year,2015
sale_year::2015:treated,24052.4523178285,28771.2920972905,0.835987908936967,0.405782397625566,-33250.5420964309,81355.4467320879,event_hedonic_dollars,1,treatment,2015
sale_year::2016:initial_price_100k,41456.7853940168,6611.34465768183,6.27055274540066,2.00509770540902e-08,28289.1513263913,54624.4194616423,event_hedonic_dollars,1,initial_price_year,2016
sale_year::2016:treated,41905.3332001205,23869.6398026901,1.7555913514622,0.0831874556627856,-5635.17459698141,89445.8409972225,event_hedonic_dollars,1,treatment,2016
sale_year::2017:initial_price_100k,46769.0723537408,8759.24079192388,5.33939795294388,9.3640719120638e-07,29323.5323871838,64214.6123202979,event_hedonic_dollars,1,initial_price_year,2017
sale_year::2017:treated,51596.0326645705,28434.5235443293,1.81455590715746,0.0735382296691063,-5036.22904696644,108228.294376108,event_hedonic_dollars,1,treatment,2017
sale_year::2018:initial_price_100k,41453.7813032015,10287.3381840369,4.02959254975464,0.000131420655199142,20964.7716159035,61942.7909904994,event_hedonic_dollars,1,initial_price_year,2018
sale_year::2018:treated,31979.2916042761,27217.0793452039,1.1749714654784,0.243674291578747,-22228.219842092,86186.8030506443,event_hedonic_dollars,1,treatment,2018
sale_year::2008:treated,-0.0617257482684119,0.113225751607089,-0.545156445351847,0.587242264090865,-0.287234376450682,0.163782879913858,event_hedonic_log,0,treatment,2008
sale_year::2009:treated,-0.0159375814290229,0.103755668491015,-0.153606850216603,0.878326874964948,-0.222584904457949,0.190709741599903,event_hedonic_log,0,treatment,2009
sale_year::2010:treated,-0.119748099260562,0.0900216798969562,-1.33021400397807,0.187425807521803,-0.29904181338553,0.059545614864405,event_hedonic_log,0,treatment,2010
sale_year::2011:treated,-0.0561496878162694,0.0958029705625268,-0.586095477901937,0.559548006441304,-0.246957840208248,0.134658464575709,event_hedonic_log,0,treatment,2011
sale_year::2013:treated,-0.00238922786426365,0.0776689426103612,-0.0307616890865838,0.975540234441316,-0.157080333481383,0.152301877752856,event_hedonic_log,0,treatment,2013
sale_year::2014:treated,0.0461972094945891,0.0793598971723794,0.582122849708879,0.562206865588557,-0.111861724007856,0.204256142997034,event_hedonic_log,0,treatment,2014
sale_year::2015:treated,-0.049325519030777,0.101767836151099,-0.484686723195545,0.629292615358751,-0.252013730835726,0.153362692774172,event_hedonic_log,0,treatment,2015
sale_year::2016:treated,-0.00984268961162083,0.0947008447562966,-0.103934549231847,0.917495077726375,-0.198455768222948,0.178770388999707,event_hedonic_log,0,treatment,2016
sale_year::2017:treated,0.0136722678415078,0.0982447870260611,0.139165326277119,0.889687624983622,-0.181999183518672,0.209343719201687,event_hedonic_log,0,treatment,2017
sale_year::2018:treated,0.0054287808406116,0.098604576045802,0.0550560740516741,0.956238268254873,-0.190959252455437,0.20181681413666,event_hedonic_log,0,treatment,2018
sale_year::2008:initial_price_100k,-0.12864569001202,0.0196476931065059,-6.54762313899446,6.16826954621134e-09,-0.167777462214952,-0.089513917809088,event_hedonic_log,1,initial_price_year,2008
sale_year::2008:treated,0.0189161343581323,0.093289893729914,0.20276724092855,0.839858824030014,-0.166886791740399,0.204719060456663,event_hedonic_log,1,treatment,2008
sale_year::2009:initial_price_100k,-0.0164305479059921,0.0180082346038435,-0.912390818280727,0.364448201683243,-0.0522970555145224,0.0194359597025382,event_hedonic_log,1,initial_price_year,2009
sale_year::2009:treated,0.00315078736636415,0.105976568749748,0.0297309811360696,0.976359539886434,-0.207919841876634,0.214221416609362,event_hedonic_log,1,treatment,2009
sale_year::2010:initial_price_100k,-0.0365122118933035,0.0191188056468927,-1.90975380824783,0.0599385813459827,-0.0745906134293395,0.00156618964273256,event_hedonic_log,1,initial_price_year,2010
sale_year::2010:treated,-0.0894348757713998,0.0953202958786846,-0.938256380207052,0.351084950031361,-0.279281698216201,0.100411946673401,event_hedonic_log,1,treatment,2010
sale_year::2011:initial_price_100k,-0.0582993216574514,0.0215090226925519,-2.71045888466328,0.00830164194497781,-0.101138253014433,-0.0154603903004702,event_hedonic_log,1,initial_price_year,2011
sale_year::2011:treated,-0.0217182994625564,0.0952097302435863,-0.228110082939968,0.820173276929704,-0.211344911360364,0.167908312435252,event_hedonic_log,1,treatment,2011
sale_year::2013:initial_price_100k,0.013494864351172,0.0167476259179191,0.805777751265221,0.422885035413083,-0.0198609234661226,0.0468506521684666,event_hedonic_log,1,initial_price_year,2013
sale_year::2013:treated,-0.00229473677398939,0.0781215838541135,-0.0293739151304798,0.976643376140228,-0.157887355558286,0.153297882010307,event_hedonic_log,1,treatment,2013
sale_year::2014:initial_price_100k,-0.000796135784811469,0.0197392064564997,-0.040332714821437,0.967933639099906,-0.040110172620343,0.03851790105072,event_hedonic_log,1,initial_price_year,2014
sale_year::2014:treated,0.052757503297074,0.080966212100834,0.651599005661406,0.516625509343213,-0.108500683650838,0.214015690244985,event_hedonic_log,1,treatment,2014
sale_year::2015:initial_price_100k,0.0078155345579253,0.0187055024854978,0.417820080694683,0.677256794174862,-0.0294397023920809,0.0450707715079315,event_hedonic_log,1,initial_price_year,2015
sale_year::2015:treated,-0.0522076721696829,0.103815547945802,-0.502888759947002,0.61649674138969,-0.258974255468589,0.154558911129223,event_hedonic_log,1,treatment,2015
sale_year::2016:initial_price_100k,0.0157109532999222,0.0200181538996504,0.784835273955837,0.434989821065541,-0.024158655517663,0.0555805621175074,event_hedonic_log,1,initial_price_year,2016
sale_year::2016:treated,-0.0243172173020945,0.0973349891232535,-0.249830174340514,0.803392734074711,-0.21817664909894,0.169542214494751,event_hedonic_log,1,treatment,2016
sale_year::2017:initial_price_100k,-0.0200064818445843,0.0212594384376526,-0.941063514130775,0.349653951869382,-0.062348323077284,0.0223353593881154,event_hedonic_log,1,initial_price_year,2017
sale_year::2017:treated,0.0329516289993752,0.0969675943355878,0.339821042536493,0.734928664059827,-0.16017607266195,0.226079330660701,event_hedonic_log,1,treatment,2017
sale_year::2018:initial_price_100k,-0.0615219299776676,0.0206966863657772,-2.9725497546021,0.0039542097819429,-0.102742953322792,-0.020300906632543,event_hedonic_log,1,initial_price_year,2018
sale_year::2018:treated,0.0419177696441908,0.0966275832711364,0.433807492903654,0.665657200962608,-0.150532741293091,0.234368280581472,event_hedonic_log,1,treatment,2018
sale_year::2008:treated,-0.0709143659405409,0.103393005423719,-0.685871985729829,0.494880848714505,-0.276839382871803,0.135010650990722,event_log,0,treatment,2008
sale_year::2009:treated,0.00230820489846808,0.105352737845284,0.0219093015110609,0.982577726236332,-0.207519957419059,0.212136367215995,event_log,0,treatment,2009
sale_year::2010:treated,-0.190860408164727,0.0907606238325006,-2.10289881344316,0.0387850282432306,-0.371625856686181,-0.0100949596432726,event_log,0,treatment,2010
sale_year::2011:treated,-0.076505507060142,0.103835228858809,-0.7367972113219,0.463514115736298,-0.283311288294418,0.130300274174134,event_log,0,treatment,2011
sale_year::2013:treated,-0.00719820955752227,0.0769282975576835,-0.0935703737902791,0.92569668468366,-0.160414192709755,0.146017773594711,event_log,0,treatment,2013
sale_year::2014:treated,0.0930494780681285,0.0835860281362187,1.11321808372671,0.269123354508252,-0.0734265247197665,0.259525480856023,event_log,0,treatment,2014
sale_year::2015:treated,-0.0108096147947759,0.11176488855626,-0.0967174479786164,0.923205379900009,-0.233408682052267,0.211789452462715,event_log,0,treatment,2015
sale_year::2016:treated,-0.0139172735310128,0.099700193745187,-0.139591238574545,0.889352228618592,-0.212487418589568,0.184652871527542,event_log,0,treatment,2016
sale_year::2017:treated,0.00529312386234946,0.100257304294694,0.0527953938078263,0.958033459785675,-0.194386603018203,0.204972850742902,event_log,0,treatment,2017
sale_year::2018:treated,-0.0226267098853316,0.0956592995970062,-0.23653434617077,0.813654411977608,-0.213148716750482,0.167895296979818,event_log,0,treatment,2018
sale_year::2008:initial_price_100k,-0.0898202474985065,0.0187611495743714,-4.78756630250445,8.14263950849812e-06,-0.127186315231229,-0.0524541797657842,event_log,1,initial_price_year,2008
sale_year::2008:treated,-0.0147412662671121,0.0905484529835037,-0.162799758376852,0.871108199992075,-0.195084139920054,0.16560160738583,event_log,1,treatment,2008
sale_year::2009:initial_price_100k,-0.0139630418844264,0.0194076269057033,-0.719461578289257,0.474063166946769,-0.0526166808107186,0.0246905970418658,event_log,1,initial_price_year,2009
sale_year::2009:treated,0.016553681166202,0.107149820272697,0.1544909839706,0.877632155713205,-0.196853680999278,0.229961043331682,event_log,1,treatment,2009
sale_year::2010:initial_price_100k,-0.0318847179997997,0.0210682560679442,-1.51340091448352,0.134325540959958,-0.0738457865433042,0.0100763505437047,event_log,1,initial_price_year,2010
sale_year::2010:treated,-0.165918900675336,0.0952370360632341,-1.74216783232493,0.0855245211959093,-0.35559989682622,0.0237620954755489,event_log,1,treatment,2010
sale_year::2011:initial_price_100k,-0.0413087755347281,0.0212232150585722,-1.9463957473325,0.0553034107606817,-0.0835784716554846,0.000960920586028362,event_log,1,initial_price_year,2011
sale_year::2011:treated,-0.052957744794817,0.103133712952162,-0.513486262434683,0.609100813026123,-0.258366336012593,0.152450846422959,event_log,1,treatment,2011
sale_year::2013:initial_price_100k,0.004912753353186,0.0158528138333992,0.309897877109719,0.757486771888899,-0.0266608617445912,0.0364863684509632,event_log,1,initial_price_year,2013
sale_year::2013:treated,-0.00482395740842407,0.0776615549807905,-0.0621151277439303,0.950634218542035,-0.159500349286078,0.149852434469229,event_log,1,treatment,2013
sale_year::2014:initial_price_100k,0.00870776745534629,0.0208702979297465,0.417232541895585,0.6776845924069,-0.0328590332864536,0.0502745681971461,event_log,1,initial_price_year,2014
sale_year::2014:treated,0.0920578939260711,0.086367797502583,1.0658821527007,0.289851398380189,-0.0799584827151603,0.264074270567303,event_log,1,treatment,2014
sale_year::2015:initial_price_100k,0.00852306644303243,0.0202814732183207,0.42023902067101,0.675496637147229,-0.0318709882491388,0.0489171211352037,event_log,1,initial_price_year,2015
sale_year::2015:treated,-0.0144160548235835,0.11456941068932,-0.125828131059134,0.900200245637368,-0.242600811996632,0.213768702349465,event_log,1,treatment,2015
sale_year::2016:initial_price_100k,0.0105261344338978,0.0209661369530795,0.502054072118982,0.617080968165257,-0.0312315462656094,0.052283815133405,event_log,1,initial_price_year,2016
sale_year::2016:treated,-0.0232171674286945,0.104701109056439,-0.221747101228691,0.825105520567992,-0.231747498535823,0.185313163678434,event_log,1,treatment,2016
sale_year::2017:initial_price_100k,-0.0111539275529612,0.0211105489398795,-0.52835800645101,0.598790390809548,-0.0531992296510824,0.03089137454516,event_log,1,initial_price_year,2017
sale_year::2017:treated,0.0170305434901921,0.102212963504684,0.166618234187209,0.86811294473398,-0.186544216272696,0.220605303253081,event_log,1,treatment,2017
sale_year::2018:initial_price_100k,-0.037689351494357,0.0223631095477414,-1.6853359061671,0.0960258803584618,-0.0822293442470766,0.00685064125836263,event_log,1,initial_price_year,2018
sale_year::2018:treated,0.000249463514404751,0.0991074010631659,0.0025171027766711,0.997998240093193,-0.197140032596171,0.197638959624981,event_log,1,treatment,2018
